Workbook
Name imie: LUTY!$C$1
Name Kat: [1]Świadectwa!$N$18:$N$21
Name test: [1]Świadectwa!$P$26,[1]Świadectwa!$P$27,[1]Świadectwa!$Q$31,[1]Świadectwa!$Q$32,[1]Świadectwa!$R$23,[1]Świadectwa!$R$22

Sheet LISTOPAD (2)
A1: SG | D1: 44501 | E1: 44501 | F1: 44502 | G1: 44503 | H1: 44504 | I1: 44505 | J1: 44506 | K1: 44507 | L1: 44508 | M1: 44509 | N1: 44510 | O1: 44511 | P1: 44512 | Q1: 44513 | R1: 44514 | S1: 44515 | T1: 44516 | U1: 44517 | V1: 44518 | W1: 44519 | X1: 44520 | Y1: 44521 | Z1: 44522 | AA1: 44523 | AB1: 44524 | AC1: 44525 | AD1: 44526 | AE1: 44527 | AF1: 44528 | AG1: 44529 | AH1: 44530 | AK1: =20*8 -> 160 | AL1: Służba | AM1: Dyżur | AN1: inne | AO1: DT | AP1: zwolnienia
A2: SG212 | B2: D | C2: BORZĘCKI Tomasz | D2: =Zasoby!#REF! -> #REF! | F2: D | Z2: PS | AA2: S | AB2: S | AC2: S | AD2: PS | AJ2: =Tabela13[[#This Row],[FUNKCJONARIUSZ]] -> F-sz 001 | AK2: =D2+AL2+AM2+AN2-$AK$1+AO2+AP2 -> #REF! | AL2: =COUNTIF(E2:AI2,"D")*24+COUNTIF(E2:AI2,"12g")*12 -> 24 | AM2: =SUM(COUNTIF(E2:AI2,"k")+COUNTIF(E2:AI2,"s")+COUNTIF(E2:AI2,"wse"))*24+SUM(COUNTIF(E2:AI2,"Pk")+COUNTIF(E2:AI2,"Ps"))*12 -> 96 | AN2: =SUM(E2:AI2)+COUNTIF(E2:AI2,"uw")*8+COUNTIF(E2:AI2,"us")*8+COUNTIF(E2:AI2,"uz")*8 -> 0 | AO2: =COUNTIF(E2:AI2,"DT")*8 -> 0 | AP2: 0
A3: SG068 | B3: MP | C3: BUKOWSKI Bartosz | D3: =Zasoby!#REF! -> #REF! | E3: S | F3: PS | G3: - | H3: - | I3: - | J3: - | K3: - | L3: D | O3: D | AG3: PS | AH3: S | AJ3: =Tabela13[[#This Row],[FUNKCJONARIUSZ]] -> F-sz 002 | AK3: =D3+AL3+AM3+AN3-$AK$1+AO3+AP3 -> #REF! | AL3: =COUNTIF(E3:AI3,"D")*24+COUNTIF(E3:AI3,"12g")*12 -> 48 | AM3: =SUM(COUNTIF(E3:AI3,"k")+COUNTIF(E3:AI3,"s")+COUNTIF(E3:AI3,"wse"))*24+SUM(COUNTIF(E3:AI3,"Pk")+COUNTIF(E3:AI3,"Ps"))*12 -> 72 | AN3: =SUM(E3:AI3)+COUNTIF(E3:AI3,"uw")*8+COUNTIF(E3:AI3,"us")*8+COUNTIF(E3:AI3,"uz")*8 -> 0 | AO3: =COUNTIF(E3:AI3,"DT")*8 -> 0 | AP3: 0
A4: SG214 | B4: MP | C4: CHYŁA Katarzyna | D4: =Zasoby!#REF! -> #REF! | L4: ps | M4: s | N4: s | O4: s | P4: ps | AJ4: =Tabela13[[#This Row],[FUNKCJONARIUSZ]] -> F-sz 003 | AK4: =D4+AL4+AM4+AN4-$AK$1+AO4+AP4 -> #REF! | AL4: =COUNTIF(E4:AI4,"D")*24+COUNTIF(E4:AI4,"12g")*12 -> 0 | AM4: =SUM(COUNTIF(E4:AI4,"k")+COUNTIF(E4:AI4,"s")+COUNTIF(E4:AI4,"wse"))*24+SUM(COUNTIF(E4:AI4,"Pk")+COUNTIF(E4:AI4,"Ps"))*12 -> 96 | AN4: =SUM(E4:AI4)+COUNTIF(E4:AI4,"uw")*8+COUNTIF(E4:AI4,"us")*8+COUNTIF(E4:AI4,"uz")*8 -> 0 | AO4: =COUNTIF(E4:AI4,"DT")*8 -> 0 | AP4: 0
A5: SG068 | B5: MP | C5: DRGAS Kamil | D5: =Zasoby!#REF! -> #REF! | F5: ps | G5: s | H5: s | I5: ps | J5: - | K5: - | L5: - | M5: - | N5: D | R5: D | Z5: D | AJ5: =Tabela13[[#This Row],[FUNKCJONARIUSZ]] -> F-sz 004 | AK5: =D5+AL5+AM5+AN5-$AK$1+AO5+AP5 -> #REF! | AL5: =COUNTIF(E5:AI5,"D")*24+COUNTIF(E5:AI5,"12g")*12 -> 72 | AM5: =SUM(COUNTIF(E5:AI5,"k")+COUNTIF(E5:AI5,"s")+COUNTIF(E5:AI5,"wse"))*24+SUM(COUNTIF(E5:AI5,"Pk")+COUNTIF(E5:AI5,"Ps"))*12 -> 72 | AN5: =SUM(E5:AI5)+COUNTIF(E5:AI5,"uw")*8+COUNTIF(E5:AI5,"us")*8+COUNTIF(E5:AI5,"uz")*8 -> 0 | AO5: =COUNTIF(E5:AI5,"DT")*8 -> 0 | AP5: 0 | AQ5: D | AR5: służba | AS5: 24
A6: SG214 | B6: M | C6: GĄSIEWSKI Dariusz | D6: =Zasoby!#REF! -> #REF! | K6: D | S6: uw | T6: uw | U6: uw | V6: uw | AD6: PS | AE6: S | AF6: S | AG6: PS | AJ6: =Tabela13[[#This Row],[FUNKCJONARIUSZ]] -> F-sz 005 | AK6: =D6+AL6+AM6+AN6-$AK$1+AO6+AP6 -> #REF! | AL6: =COUNTIF(E6:AI6,"D")*24+COUNTIF(E6:AI6,"12g")*12 -> 24 | AM6: =SUM(COUNTIF(E6:AI6,"k")+COUNTIF(E6:AI6,"s")+COUNTIF(E6:AI6,"wse"))*24+SUM(COUNTIF(E6:AI6,"Pk")+COUNTIF(E6:AI6,"Ps"))*12 -> 72 | AN6: =SUM(E6:AI6)+COUNTIF(E6:AI6,"uw")*8+COUNTIF(E6:AI6,"us")*8+COUNTIF(E6:AI6,"uz")*8 -> 32 | AO6: =COUNTIF(E6:AI6,"DT")*8 -> 0 | AP6: 0 | AQ6: 12g | AR6: służba gazowiec | AS6: 12
A7: SG214 | B7: D | C7: GRZESIAK Sebastian | D7: =Zasoby!#REF! -> #REF! | I7: - | J7: - | K7: - | S7: ps | T7: s | U7: s | V7: s | W7: s | X7: s | Y7: s | Z7: ps | AJ7: =Tabela13[[#This Row],[FUNKCJONARIUSZ]] -> F-sz 006 | AK7: =D7+AL7+AM7+AN7-$AK$1+AO7+AP7 -> #REF! | AL7: =COUNTIF(E7:AI7,"D")*24+COUNTIF(E7:AI7,"12g")*12 -> 0 | AM7: =SUM(COUNTIF(E7:AI7,"k")+COUNTIF(E7:AI7,"s")+COUNTIF(E7:AI7,"wse"))*24+SUM(COUNTIF(E7:AI7,"Pk")+COUNTIF(E7:AI7,"Ps"))*12 -> 168 | AN7: =SUM(E7:AI7)+COUNTIF(E7:AI7,"uw")*8+COUNTIF(E7:AI7,"us")*8+COUNTIF(E7:AI7,"uz")*8 -> 0 | AO7: =COUNTIF(E7:AI7,"DT")*8 -> 0 | AP7: 0 | AQ7: ps | AR7: 1/2 dyżuru | AS7: 12
A8: SG214 | B8: D | C8: JAKIMIAK Marcin | D8: =Zasoby!#REF! -> #REF! | F8: PS | G8: S | H8: S | I8: S | J8: S | K8: S | L8: PS | AJ8: =Tabela13[[#This Row],[FUNKCJONARIUSZ]] -> F-sz 007 | AK8: =D8+AL8+AM8+AN8-$AK$1+AO8+AP8 -> #REF! | AL8: =COUNTIF(E8:AI8,"D")*24+COUNTIF(E8:AI8,"12g")*12 -> 0 | AM8: =SUM(COUNTIF(E8:AI8,"k")+COUNTIF(E8:AI8,"s")+COUNTIF(E8:AI8,"wse"))*24+SUM(COUNTIF(E8:AI8,"Pk")+COUNTIF(E8:AI8,"Ps"))*12 -> 144 | AN8: =SUM(E8:AI8)+COUNTIF(E8:AI8,"uw")*8+COUNTIF(E8:AI8,"us")*8+COUNTIF(E8:AI8,"uz")*8 -> 0 | AO8: =COUNTIF(E8:AI8,"DT")*8 -> 0 | AP8: 0 | AQ8: s | AR8: dyżur Ś-cie | AS8: 24
A9: SG214 | B9: D | C9: KALITA Mariusz | D9: =Zasoby!#REF! -> #REF! | E9: S | F9: PS | N9: uw | O9: - | P9: uw | AG9: PS | AH9: S | AJ9: =Tabela13[[#This Row],[FUNKCJONARIUSZ]] -> F-sz 008 | AK9: =D9+AL9+AM9+AN9-$AK$1+AO9+AP9 -> #REF! | AL9: =COUNTIF(E9:AI9,"D")*24+COUNTIF(E9:AI9,"12g")*12 -> 0 | AM9: =SUM(COUNTIF(E9:AI9,"k")+COUNTIF(E9:AI9,"s")+COUNTIF(E9:AI9,"wse"))*24+SUM(COUNTIF(E9:AI9,"Pk")+COUNTIF(E9:AI9,"Ps"))*12 -> 72 | AN9: =SUM(E9:AI9)+COUNTIF(E9:AI9,"uw")*8+COUNTIF(E9:AI9,"us")*8+COUNTIF(E9:AI9,"uz")*8 -> 16 | AO9: =COUNTIF(E9:AI9,"DT")*8 -> 0 | AP9: 0 | AQ9: us | AR9: urlop staż | AS9: 8
A10: SG212 | B10: M | C10: ŁUKACZ Sławomir | D10: =Zasoby!#REF! -> #REF! | F10: uw | G10: uw | H10: uw | I10: uw | J10: - | K10: - | L10: uw | M10: uw | Z10: PS | AA10: S | AB10: S | AC10: S | AD10: PS | AJ10: =Tabela13[[#This Row],[FUNKCJONARIUSZ]] -> F-sz 009 | AK10: =D10+AL10+AM10+AN10-$AK$1+AO10+AP10 -> #REF! | AL10: =COUNTIF(E10:AI10,"D")*24+COUNTIF(E10:AI10,"12g")*12 -> 0 | AM10: =SUM(COUNTIF(E10:AI10,"k")+COUNTIF(E10:AI10,"s")+COUNTIF(E10:AI10,"wse"))*24+SUM(COUNTIF(E10:AI10,"Pk")+COUNTIF(E10:AI10,"Ps"))*12 -> 96 | AN10: =SUM(E10:AI10)+COUNTIF(E10:AI10,"uw")*8+COUNTIF(E10:AI10,"us")*8+COUNTIF(E10:AI10,"uz")*8 -> 48 | AO10: =COUNTIF(E10:AI10,"DT")*8 -> 0 | AP10: 0 | AQ10: uw | AR10: urlop wypoczynkowy | AS10: 8
A11: SG212 | B11: M | C11: MIZGIER Bartosz | D11: =Zasoby!#REF! -> #REF! | E11: S | F11: PS | W11: PS | X11: S | Y11: S | Z11: PS | AG11: PS | AH11: S | AJ11: =Tabela13[[#This Row],[FUNKCJONARIUSZ]] -> F-sz 010 | AK11: =D11+AL11+AM11+AN11-$AK$1+AO11+AP11 -> #REF! | AL11: =COUNTIF(E11:AI11,"D")*24+COUNTIF(E11:AI11,"12g")*12 -> 0 | AM11: =SUM(COUNTIF(E11:AI11,"k")+COUNTIF(E11:AI11,"s")+COUNTIF(E11:AI11,"wse"))*24+SUM(COUNTIF(E11:AI11,"Pk")+COUNTIF(E11:AI11,"Ps"))*12 -> 144 | AN11: =SUM(E11:AI11)+COUNTIF(E11:AI11,"uw")*8+COUNTIF(E11:AI11,"us")*8+COUNTIF(E11:AI11,"uz")*8 -> 0 | AO11: =COUNTIF(E11:AI11,"DT")*8 -> 0 | AP11: 0 | AQ11: uz | AR11: urlop zaległy | AS11: 8
A12: SG070 | B12: MP | C12: MŁYŃSKI Błażej | D12: =Zasoby!#REF! -> #REF! | J12: D | S12: PS | T12: S | U12: S | V12: S | W12: PS | AJ12: =Tabela13[[#This Row],[FUNKCJONARIUSZ]] -> F-sz 011 | AK12: =D12+AL12+AM12+AN12-$AK$1+AO12+AP12 -> #REF! | AL12: =COUNTIF(E12:AI12,"D")*24+COUNTIF(E12:AI12,"12g")*12 -> 24 | AM12: =SUM(COUNTIF(E12:AI12,"k")+COUNTIF(E12:AI12,"s")+COUNTIF(E12:AI12,"wse"))*24+SUM(COUNTIF(E12:AI12,"Pk")+COUNTIF(E12:AI12,"Ps"))*12 -> 96 | AO12: =COUNTIF(E12:AI12,"DT")*8 -> 0 | AP12: 0 | AQ12: pk | AR12: 1/2 dyżuru | AS12: 12
A13: SG212 | B13: ZD | C13: MOSKALONEK Hubert | D13: =Zasoby!#REF! -> #REF! | F13: ps | G13: s | H13: s | I13: s | J13: s | K13: s | L13: ps | M13: - | N13: - | O13: - | P13: - | Q13: - | R13: - | S13: - | W13: PS | X13: S | Y13: S | Z13: PS | AA13: - | AB13: - | AC13: - | AD13: - | AE13: D | AH13: D | AJ13: =Tabela13[[#This Row],[FUNKCJONARIUSZ]] -> F-sz 012 | AK13: =D13+AL13+AM13+AN13-$AK$1+AO13+AP13 -> #REF! | AL13: =COUNTIF(E13:AI13,"D")*24+COUNTIF(E13:AI13,"12g")*12 -> 48 | AM13: =SUM(COUNTIF(E13:AI13,"k")+COUNTIF(E13:AI13,"s")+COUNTIF(E13:AI13,"wse"))*24+SUM(COUNTIF(E13:AI13,"Pk")+COUNTIF(E13:AI13,"Ps"))*12 -> 216 | AN13: =SUM(E13:AI13)+COUNTIF(E13:AI13,"uw")*8+COUNTIF(E13:AI13,"us")*8+COUNTIF(E13:AI13,"uz")*8 -> 0 | AO13: =COUNTIF(E13:AI13,"DT")*8 -> 0 | AP13: 0 | AQ13: k | AR13: dyżur K-g | AS13: 24
A14: SG070 | B14: D | C14: NOWICKI Radosław | D14: =Zasoby!#REF! -> #REF! | G14: D | S14: PS | T14: S | U14: S | V14: S | W14: PS | AC14: D | AJ14: =Tabela13[[#This Row],[FUNKCJONARIUSZ]] -> F-sz 013 | AK14: =D14+AL14+AM14+AN14-$AK$1+AO14+AP14 -> #REF! | AL14: =COUNTIF(E14:AI14,"D")*24+COUNTIF(E14:AI14,"12g")*12 -> 48 | AM14: =SUM(COUNTIF(E14:AI14,"k")+COUNTIF(E14:AI14,"s")+COUNTIF(E14:AI14,"wse"))*24+SUM(COUNTIF(E14:AI14,"Pk")+COUNTIF(E14:AI14,"Ps"))*12 -> 96 | AN14: =SUM(E14:AI14)+COUNTIF(E14:AI14,"uw")*8+COUNTIF(E14:AI14,"us")*8+COUNTIF(E14:AI14,"uz")*8 -> 0 | AO14: =COUNTIF(E14:AI14,"DT")*8 -> 0 | AP14: 0 | AQ14: wse | AR14: WSE | AS14: 24
A15: SG212 | B15: ZD | C15: PALUCH Łukasz | D15: =Zasoby!#REF! -> #REF! | L15: PS | M15: S | N15: S | O15: S | P15: PS | AB15: D | AJ15: =Tabela13[[#This Row],[FUNKCJONARIUSZ]] -> F-sz 014 | AK15: =D15+AL15+AM15+AN15-$AK$1+AO15+AP15 -> #REF! | AL15: =COUNTIF(E15:AI15,"D")*24+COUNTIF(E15:AI15,"12g")*12 -> 24 | AM15: =SUM(COUNTIF(E15:AI15,"k")+COUNTIF(E15:AI15,"s")+COUNTIF(E15:AI15,"wse"))*24+SUM(COUNTIF(E15:AI15,"Pk")+COUNTIF(E15:AI15,"Ps"))*12 -> 96 | AN15: =SUM(E15:AI15)+COUNTIF(E15:AI15,"uw")*8+COUNTIF(E15:AI15,"us")*8+COUNTIF(E15:AI15,"uz")*8 -> 0 | AO15: =COUNTIF(E15:AI15,"DT")*8 -> 0 | AP15: 0 | AQ15: l4 | AR15: Zwolnienia lekarskie | AS15: ?
A16: SG070 | B16: MP | C16: PRYCA Adam | D16: =Zasoby!#REF! -> #REF! | W16: D | Z16: PS | AA16: S | AB16: S | AC16: S | AD16: PS | AJ16: =Tabela13[[#This Row],[FUNKCJONARIUSZ]] -> F-sz 015 | AK16: =D16+AL16+AM16+AN16-$AK$1+AO16+AP16 -> #REF! | AL16: =COUNTIF(E16:AI16,"D")*24+COUNTIF(E16:AI16,"12g")*12 -> 24 | AM16: =SUM(COUNTIF(E16:AI16,"k")+COUNTIF(E16:AI16,"s")+COUNTIF(E16:AI16,"wse"))*24+SUM(COUNTIF(E16:AI16,"Pk")+COUNTIF(E16:AI16,"Ps"))*12 -> 96 | AN16: =SUM(E16:AI16)+COUNTIF(E16:AI16,"uw")*8+COUNTIF(E16:AI16,"us")*8+COUNTIF(E16:AI16,"uz")*8 -> 0 | AO16: =COUNTIF(E16:AI16,"DT")*8 -> 0 | AP16: 0
A17: SG007 | B17: MP | C17: SAJDAK Patryk | D17: =Zasoby!#REF! -> #REF! | E17: D | H17: uw | I17: uw | T17: D | X17: D | AJ17: =Tabela13[[#This Row],[FUNKCJONARIUSZ]] -> F-sz 016 | AK17: =D17+AL17+AM17+AN17-$AK$1+AO17+AP17 -> #REF! | AL17: =COUNTIF(E17:AI17,"D")*24+COUNTIF(E17:AI17,"12g")*12 -> 72 | AM17: =SUM(COUNTIF(E17:AI17,"k")+COUNTIF(E17:AI17,"s")+COUNTIF(E17:AI17,"wse"))*24+SUM(COUNTIF(E17:AI17,"Pk")+COUNTIF(E17:AI17,"Ps"))*12 -> 0 | AN17: =SUM(E17:AI17)+COUNTIF(E17:AI17,"uw")*8+COUNTIF(E17:AI17,"us")*8+COUNTIF(E17:AI17,"uz")*8 -> 16 | AO17: =COUNTIF(E17:AI17,"DT")*8 -> 0 | AP17: 0
A18: SG214 | B18: M | C18: SPRUTTA Radosław | D18: =Zasoby!#REF! -> #REF! | E18: - | F18: uw | G18: uw | L18: PS | M18: S | N18: S | O18: S | P18: PS | AJ18: =Tabela13[[#This Row],[FUNKCJONARIUSZ]] -> F-sz 017 | AK18: =D18+AL18+AM18+AN18-$AK$1+AO18+AP18 -> #REF! | AL18: =COUNTIF(E18:AI18,"D")*24+COUNTIF(E18:AI18,"12g")*12 -> 0 | AM18: =SUM(COUNTIF(E18:AI18,"k")+COUNTIF(E18:AI18,"s")+COUNTIF(E18:AI18,"wse"))*24+SUM(COUNTIF(E18:AI18,"Pk")+COUNTIF(E18:AI18,"Ps"))*12 -> 96 | AN18: =SUM(E18:AI18)+COUNTIF(E18:AI18,"uw")*8+COUNTIF(E18:AI18,"us")*8+COUNTIF(E18:AI18,"uz")*8 -> 16 | AO18: =COUNTIF(E18:AI18,"DT")*8 -> 0 | AP18: 0
A19: SG070 | B19: D | C19: STRANC Andrzej | D19: =Zasoby!#REF! -> #REF! | I19: D | Z19: PS | AA19: S | AB19: S | AC19: S | AD19: S | AE19: S | AF19: S | AG19: PS | AJ19: =Tabela13[[#This Row],[FUNKCJONARIUSZ]] -> F-sz 018 | AK19: =D19+AL19+AM19+AN19-$AK$1+AO19+AP19 -> #REF! | AL19: =COUNTIF(E19:AI19,"D")*24+COUNTIF(E19:AI19,"12g")*12 -> 24 | AM19: =SUM(COUNTIF(E19:AI19,"k")+COUNTIF(E19:AI19,"s")+COUNTIF(E19:AI19,"wse"))*24+SUM(COUNTIF(E19:AI19,"Pk")+COUNTIF(E19:AI19,"Ps"))*12 -> 168 | AN19: =SUM(E19:AI19)+COUNTIF(E19:AI19,"uw")*8+COUNTIF(E19:AI19,"us")*8+COUNTIF(E19:AI19,"uz")*8 -> 0 | AO19: =COUNTIF(E19:AI19,"DT")*8 -> 0 | AP19: 0
A20: SG212 | B20: D | C20: SZCZEPANIAK Zbigniew | D20: =Zasoby!#REF! -> #REF! | H20: D | AD20: PS | AE20: S | AF20: S | AG20: PS | AJ20: =Tabela13[[#This Row],[FUNKCJONARIUSZ]] -> F-sz 019 | AK20: =D20+AL20+AM20+AN20-$AK$1+AO20+AP20 -> #REF! | AL20: =COUNTIF(E20:AI20,"D")*24+COUNTIF(E20:AI20,"12g")*12 -> 24 | AM20: =SUM(COUNTIF(E20:AI20,"k")+COUNTIF(E20:AI20,"s")+COUNTIF(E20:AI20,"wse"))*24+SUM(COUNTIF(E20:AI20,"Pk")+COUNTIF(E20:AI20,"Ps"))*12 -> 72 | AN20: =SUM(E20:AI20)+COUNTIF(E20:AI20,"uw")*8+COUNTIF(E20:AI20,"us")*8+COUNTIF(E20:AI20,"uz")*8 -> 0 | AO20: =COUNTIF(E20:AI20,"DT")*8 -> 0 | AP20: 0
A21: SG214 | B21: ZD | C21: SZYMAŃSKI Tomasz Paweł | D21: =Zasoby!#REF! -> #REF! | E21: S | F21: PS | U21: D | AG21: PS | AH21: S | AJ21: =Tabela13[[#This Row],[FUNKCJONARIUSZ]] -> F-sz 020 | AK21: =D21+AL21+AM21+AN21-$AK$1+AO21+AP21 -> #REF! | AL21: =COUNTIF(E21:AI21,"D")*24+COUNTIF(E21:AI21,"12g")*12 -> 24 | AM21: =SUM(COUNTIF(E21:AI21,"k")+COUNTIF(E21:AI21,"s")+COUNTIF(E21:AI21,"wse"))*24+SUM(COUNTIF(E21:AI21,"Pk")+COUNTIF(E21:AI21,"Ps"))*12 -> 72 | AN21: =SUM(E21:AI21)+COUNTIF(E21:AI21,"uw")*8+COUNTIF(E21:AI21,"us")*8+COUNTIF(E21:AI21,"uz")*8 -> 0 | AO21: =COUNTIF(E21:AI21,"DT")*8 -> 0 | AP21: 0
A22: SG212 | B22: D | C22: ŚWIREPO Piotr | D22: =Zasoby!#REF! -> #REF! | E22: - | F22: - | G22: - | H22: - | I22: - | J22: - | K22: - | L22: PS | M22: S | N22: S | O22: S | P22: S | Q22: S | R22: S | S22: PS | AJ22: =Tabela13[[#This Row],[FUNKCJONARIUSZ]] -> F-sz 021 | AK22: =D22+AL22+AM22+AN22-$AK$1+AO22+AP22 -> #REF! | AL22: =COUNTIF(E22:AI22,"D")*24+COUNTIF(E22:AI22,"12g")*12 -> 0 | AM22: =SUM(COUNTIF(E22:AI22,"k")+COUNTIF(E22:AI22,"s")+COUNTIF(E22:AI22,"wse"))*24+SUM(COUNTIF(E22:AI22,"Pk")+COUNTIF(E22:AI22,"Ps"))*12 -> 168 | AN22: =SUM(E22:AI22)+COUNTIF(E22:AI22,"uw")*8+COUNTIF(E22:AI22,"us")*8+COUNTIF(E22:AI22,"uz")*8 -> 0 | AO22: =COUNTIF(E22:AI22,"DT")*8 -> 0 | AP22: 0
A23: SG068 | B23: MP | C23: WALCZAK Oskar | D23: =Zasoby!#REF! -> #REF! | F23: uw | G23: uw | H23: uw | I23: uw | L23: uw | M23: d | P23: d | S23: d | V23: d | Y23: D | AD23: D | AG23: D | AJ23: =Tabela13[[#This Row],[FUNKCJONARIUSZ]] -> F-sz 022 | AK23: =D23+AL23+AM23+AN23-$AK$1+AO23+AP23 -> #REF! | AL23: =COUNTIF(E23:AI23,"D")*24+COUNTIF(E23:AI23,"12g")*12 -> 168 | AM23: =SUM(COUNTIF(E23:AI23,"k")+COUNTIF(E23:AI23,"s")+COUNTIF(E23:AI23,"wse"))*24+SUM(COUNTIF(E23:AI23,"Pk")+COUNTIF(E23:AI23,"Ps"))*12 -> 0 | AN23: =SUM(E23:AI23)+COUNTIF(E23:AI23,"uw")*8+COUNTIF(E23:AI23,"us")*8+COUNTIF(E23:AI23,"uz")*8 -> 40 | AO23: =COUNTIF(E23:AI23,"DT")*8 -> 0 | AP23: 0
A24: SG214 | B24: ZD | C24: WALKOWIAK Wojciech | D24: =Zasoby!#REF! -> #REF! | F24: uw | G24: uw | H24: uw | I24: uw | J24: - | K24: - | L24: uw | N24: uw | O24: - | P24: uw | AJ24: =Tabela13[[#This Row],[FUNKCJONARIUSZ]] -> F-sz 023 | AK24: =D24+AL24+AM24+AN24-$AK$1+AO24+AP24 -> #REF! | AL24: =COUNTIF(E24:AI24,"D")*24+COUNTIF(E24:AI24,"12g")*12 -> 0 | AM24: =SUM(COUNTIF(E24:AI24,"k")+COUNTIF(E24:AI24,"s")+COUNTIF(E24:AI24,"wse"))*24+SUM(COUNTIF(E24:AI24,"Pk")+COUNTIF(E24:AI24,"Ps"))*12 -> 0 | AN24: =SUM(E24:AI24)+COUNTIF(E24:AI24,"uw")*8+COUNTIF(E24:AI24,"us")*8+COUNTIF(E24:AI24,"uz")*8 -> 56 | AO24: =COUNTIF(E24:AI24,"DT")*8 -> 0 | AP24: 0
A25: SG068 | B25: D | C25: WERSZNER Piotr | D25: =Zasoby!#REF! -> #REF! | F25: uw | G25: uw | H25: uw | I25: uw | J25: - | K25: - | L25: uw | M25: uw | N25: uw | Q25: D | AA25: D | AF25: D | AJ25: =Tabela13[[#This Row],[FUNKCJONARIUSZ]] -> F-sz 024 | AK25: =D25+AL25+AM25+AN25-$AK$1+AO25+AP25 -> #REF! | AL25: =COUNTIF(E25:AI25,"D")*24+COUNTIF(E25:AI25,"12g")*12 -> 72 | AM25: =SUM(COUNTIF(E25:AI25,"k")+COUNTIF(E25:AI25,"s")+COUNTIF(E25:AI25,"wse"))*24+SUM(COUNTIF(E25:AI25,"Pk")+COUNTIF(E25:AI25,"Ps"))*12 -> 0 | AN25: =SUM(E25:AI25)+COUNTIF(E25:AI25,"uw")*8+COUNTIF(E25:AI25,"us")*8+COUNTIF(E25:AI25,"uz")*8 -> 56 | AO25: =COUNTIF(E25:AI25,"DT")*8 -> 0 | AP25: 0
A26: SG068 | B26: M | C26: WITWICKI Adrian | D26: =Zasoby!#REF! -> #REF! | F26: PS | G26: S | H26: S | I26: S | J26: S | K26: S | L26: PS | AJ26: =Tabela13[[#This Row],[FUNKCJONARIUSZ]] -> F-sz 025 | AK26: =D26+AL26+AM26+AN26-$AK$1+AO26+AP26 -> #REF! | AL26: =COUNTIF(E26:AI26,"D")*24+COUNTIF(E26:AI26,"12g")*12 -> 0 | AM26: =SUM(COUNTIF(E26:AI26,"k")+COUNTIF(E26:AI26,"s")+COUNTIF(E26:AI26,"wse"))*24+SUM(COUNTIF(E26:AI26,"Pk")+COUNTIF(E26:AI26,"Ps"))*12 -> 144 | AN26: =SUM(E26:AI26)+COUNTIF(E26:AI26,"uw")*8+COUNTIF(E26:AI26,"us")*8+COUNTIF(E26:AI26,"uz")*8 -> 0 | AO26: =COUNTIF(E26:AI26,"DT")*8 -> 0 | AP26: 0
A27: SG212 | B27: ZD | C27: ZAJĄC Rafał | D27: =Zasoby!#REF! -> #REF! | F27: uw | G27: uw | H27: uw | I27: uw | J27: - | K27: - | L27: uw | M27: uw | N27: uw | O27: - | P27: uw | Q27: - | R27: - | S27: uw | T27: uw | U27: uw | V27: uw | W27: uw | AJ27: =Tabela13[[#This Row],[FUNKCJONARIUSZ]] -> F-sz 026 | AK27: 38 | AL27: =COUNTIF(E27:AI27,"D")*24+COUNTIF(E27:AI27,"12g")*12 -> 0 | AM27: =SUM(COUNTIF(E27:AI27,"k")+COUNTIF(E27:AI27,"s")+COUNTIF(E27:AI27,"wse"))*24+SUM(COUNTIF(E27:AI27,"Pk")+COUNTIF(E27:AI27,"Ps"))*12 -> 0 | AN27: =SUM(E27:AI27)+COUNTIF(E27:AI27,"uw")*8+COUNTIF(E27:AI27,"us")*8+COUNTIF(E27:AI27,"uz")*8 -> 104 | AO27: =COUNTIF(E27:AI27,"DT")*8 -> 0 | AP27: 0
A28: SG007 | B28: D | C28: ZATWARNICKA Joanna | D28: =Zasoby!#REF! -> #REF! | P28: PS | Q28: S | R28: S | S28: PS | AJ28: =Tabela13[[#This Row],[FUNKCJONARIUSZ]] -> F-sz 027 | AK28: =D28+AL28+AM28+AN28-$AK$1+AO28+AP28 -> #REF! | AL28: =COUNTIF(E28:AI28,"D")*24+COUNTIF(E28:AI28,"12g")*12 -> 0 | AM28: =SUM(COUNTIF(E28:AI28,"k")+COUNTIF(E28:AI28,"s")+COUNTIF(E28:AI28,"wse"))*24+SUM(COUNTIF(E28:AI28,"Pk")+COUNTIF(E28:AI28,"Ps"))*12 -> 72 | AN28: =SUM(E28:AI28)+COUNTIF(E28:AI28,"uw")*8+COUNTIF(E28:AI28,"us")*8+COUNTIF(E28:AI28,"uz")*8 -> 0 | AO28: =COUNTIF(E28:AI28,"DT")*8 -> 0 | AP28: 0
A29: SG212 | B29: M | C29: ZEMBRZUSKI Krzysztof | D29: =Zasoby!#REF! -> #REF! | E29: - | F29: uw | G29: uw | H29: uw | I29: uw | J29: - | K29: - | L29: uw | M29: uw | N29: uw | O29: - | P29: uw | S29: uw | T29: uw | U29: uw | V29: uw | W29: uw | X29: - | Y29: - | Z29: uw | AA29: uw | AB29: uw | AC29: uw | AD29: uw | AE29: - | AF29: - | AG29: uw | AH29: uw | AJ29: =Tabela13[[#This Row],[FUNKCJONARIUSZ]] -> F-sz 028 | AK29: =D29+AL29+AM29+AN29-$AK$1+AO29+AP29 -> #REF! | AL29: =COUNTIF(E29:AI29,"D")*24+COUNTIF(E29:AI29,"12g")*12 -> 0 | AM29: =SUM(COUNTIF(E29:AI29,"k")+COUNTIF(E29:AI29,"s")+COUNTIF(E29:AI29,"wse"))*24+SUM(COUNTIF(E29:AI29,"Pk")+COUNTIF(E29:AI29,"Ps"))*12 -> 0 | AN29: =SUM(E29:AI29)+COUNTIF(E29:AI29,"uw")*8+COUNTIF(E29:AI29,"us")*8+COUNTIF(E29:AI29,"uz")*8 -> 160 | AO29: =COUNTIF(E29:AI29,"DT")*8 -> 0 | AP29: 0
C31: SŁUŻBA Ś-CIE | E31: =COUNTIF(E2:E29,"D") -> 1 | F31: =COUNTIF(F2:F29,"D") -> 1 | G31: =COUNTIF(G2:G29,"D") -> 1 | H31: =COUNTIF(H2:H29,"D") -> 1 | I31: =COUNTIF(I2:I29,"D") -> 1 | J31: =COUNTIF(J2:J29,"D") -> 1 | K31: =COUNTIF(K2:K29,"D") -> 1 | L31: =COUNTIF(L2:L29,"D") -> 1 | ... AI31: =COUNTIF(AI2:AI29,"D") -> 0
C32: SŁUŻBA K-G | E32: =COUNTIF(E48:E101,"D")+COUNTIF(E48:E101,"w") -> 0 | F32: =COUNTIF(F48:F101,"D")+COUNTIF(F48:F101,"w") -> 0 | G32: =COUNTIF(G48:G101,"D")+COUNTIF(G48:G101,"w") -> 0 | H32: =COUNTIF(H48:H101,"D")+COUNTIF(H48:H101,"w") -> 0 | I32: =COUNTIF(I48:I101,"D")+COUNTIF(I48:I101,"w") -> 0 | J32: =COUNTIF(J48:J101,"D")+COUNTIF(J48:J101,"w") -> 0 | K32: =COUNTIF(K48:K101,"D")+COUNTIF(K48:K101,"w") -> 0 | L32: =COUNTIF(L48:L101,"D")+COUNTIF(L48:L101,"w") -> 0 | ... AI32: =COUNTIF(AI48:AI101,"D")+COUNTIF(AI48:AI101,"w") -> 0
C33: DYŻUR Ś-CIE | E33: =COUNTIF(E2:E29,"S")+COUNTIF(E49:E101,"S") -> 4 | F33: =COUNTIF(F2:F29,"S")+COUNTIF(F49:F101,"S") -> 0 | G33: =COUNTIF(G2:G29,"S")+COUNTIF(G49:G101,"S") -> 4 | H33: =COUNTIF(H2:H29,"S")+COUNTIF(H49:H101,"S") -> 4 | I33: =COUNTIF(I2:I29,"S")+COUNTIF(I49:I101,"S") -> 3 | J33: =COUNTIF(J2:J29,"S")+COUNTIF(J49:J101,"S") -> 4 | K33: =COUNTIF(K2:K29,"S")+COUNTIF(K49:K101,"S") -> 4 | L33: =COUNTIF(L2:L29,"S")+COUNTIF(L49:L101,"S") -> 0 | ... AI33: =COUNTIF(AI2:AI29,"S")+COUNTIF(AI49:AI101,"S") -> 0
C34: DYŻUR K-G | E34: =COUNTIF(E2:E31,"K")+COUNTIF(E48:E102,"K") -> 4 | F34: =COUNTIF(F2:F31,"K")+COUNTIF(F48:F102,"K") -> 0 | G34: =COUNTIF(G2:G31,"K")+COUNTIF(G48:G102,"K") -> 3 | H34: =COUNTIF(H2:H31,"K")+COUNTIF(H48:H102,"K") -> 4 | I34: =COUNTIF(I2:I31,"K")+COUNTIF(I48:I102,"K") -> 2 | J34: =COUNTIF(J2:J31,"K")+COUNTIF(J48:J102,"K") -> 4 | K34: =COUNTIF(K2:K31,"K")+COUNTIF(K48:K102,"K") -> 4 | L34: =COUNTIF(L2:L31,"K")+COUNTIF(L48:L102,"K") -> 4 | ... AJ34: =COUNTIF(AJ2:AJ31,"K")+COUNTIF(AJ48:AJ102,"K") -> 0
C36: DYŻUR Ś-CIE | F36: JAKIMIAK | J36: JAKIMIAK | M36: ŚWIREPO | Q36: ŚWIREPO | T36: GRZESIAK | X36: GRZESIAK | AA36: BORZĘCKI | AE36: SZCZECPANIAK | AH36: KALITA
F37: MOSKALONEK | J37: MOSKALONEK | M37: PALUCH | Q37: ZATWARNICKA | T37: NOWICKI | X37: MOSKALONEK | AA37: STRANC | AE37: STRANC | AH37: SZYMAŃSKI
F38: WITWICKI | J38: WITWICKI | M38: SPRUTTA | Q38: ŁUSZCZYŃSKI | T38: CHUDZIAK | X38: MIZGIER | AA38: ŁUKACZ | AE38: GĄSIEWSKI | AH38: MIZGIER
F39: DRGAS | J39: SZCZEPAŃSKI | M39: CHYŁA | Q39: PEZAŁA | T39: MŁYŃSKI | X39: WOŹNIAK | AA39: PRYCA | AE39: MAŁKOWSKI | AH39: BUKOWSKI
C41: DYŻUR K-G
A47: SG | E47: =E1 -> 44501 | F47: =F1 -> 44502 | G47: =G1 -> 44503 | H47: =H1 -> 44504 | I47: =I1 -> 44505 | J47: =J1 -> 44506 | K47: =K1 -> 44507 | L47: =L1 -> 44508 | ... AH47: =AH1 -> 44530 | AJ47: 44440 | AK47: 168 | AL47: Służba | AM47: Dyżur | AN47: inne | AO47: DT | AP47: zwolnienia
A48: SG312 | B48: ZD | C48: BARAN Marek | D48: =#REF! -> #REF! | F48: PK | G48: K | H48: K | I48: PK | AJ48: =C48 -> BARAN Marek | AK48: =D48+AL48+AM48+AN48-$AK$47+AO48+AP48 -> #REF! | AL48: =COUNTIF(E48:AI48,"D")*24+COUNTIF(E48:AI48,"12g")*12+COUNTIF(E48:AI48,"w")*24 -> 0 | AM48: =SUM(COUNTIF(E48:AI48,"k")+COUNTIF(E48:AI48,"s")+COUNTIF(E48:AI48,"wse"))*24+SUM(COUNTIF(E48:AI48,"Pk")+COUNTIF(E48:AI48,"Ps"))*12 -> 72 | AN48: =SUM(E48:AI48)+COUNTIF(E48:AI48,"uw")*8+COUNTIF(E48:AI48,"us")*8+COUNTIF(E48:AI48,"uz")*8 -> 0 | AO48: =COUNTIF(E48:AI48,"DT")*8 -> 0
A49: SG216 | B49: M | C49: BARTOSIEWICZ Tomasz | D49: =#REF! -> #REF! | F49: uw | G49: uw | H49: uw | I49: uw | J49: - | K49: - | L49: uw | M49: uw | N49: uw | O49: - | P49: uw | Q49: - | R49: - | S49: uw | T49: uw | U49: uw | V49: uw | W49: uw | X49: - | Y49: - | Z49: uw | AA49: uw | AB49: uw | AJ49: =C49 -> BARTOSIEWICZ Tomasz | AK49: =D49+AL49+AM49+AN49-$AK$47+AO49+AP49 -> #REF! | AL49: =COUNTIF(E49:AI49,"D")*24+COUNTIF(E49:AI49,"12g")*12+COUNTIF(E49:AI49,"w")*24 -> 0 | AM49: =SUM(COUNTIF(E49:AI49,"k")+COUNTIF(E49:AI49,"s")+COUNTIF(E49:AI49,"wse"))*24+SUM(COUNTIF(E49:AI49,"Pk")+COUNTIF(E49:AI49,"Ps"))*12 -> 0 | AN49: =SUM(E49:AI49)+COUNTIF(E49:AI49,"uw")*8+COUNTIF(E49:AI49,"us")*8+COUNTIF(E49:AI49,"uz")*8 -> 128 | AO49: =COUNTIF(E49:AI49,"DT")*8 -> 0
A50: SG214 | B50: M | C50: BUDZISŁAWSKI Sebastian | D50: =#REF! -> #REF! | I50: pk | J50: k | K50: k | L50: k | M50: pk | AJ50: =C50 -> BUDZISŁAWSKI Sebastian | AK50: =D50+AL50+AM50+AN50-$AK$47+AO50+AP50 -> #REF! | AL50: =COUNTIF(E50:AI50,"D")*24+COUNTIF(E50:AI50,"12g")*12+COUNTIF(E50:AI50,"w")*24 -> 0 | AM50: =SUM(COUNTIF(E50:AI50,"k")+COUNTIF(E50:AI50,"s")+COUNTIF(E50:AI50,"wse"))*24+SUM(COUNTIF(E50:AI50,"Pk")+COUNTIF(E50:AI50,"Ps"))*12 -> 96 | AN50: =SUM(E50:AI50)+COUNTIF(E50:AI50,"uw")*8+COUNTIF(E50:AI50,"us")*8+COUNTIF(E50:AI50,"uz")*8 -> 0 | AO50: =COUNTIF(E50:AI50,"DT")*8 -> 0
A51: SG312 | B51: MP | C51: CHĘCIŃSKI Piotr | D51: =#REF! -> #REF! | L51: uw | M51: uw | N51: uw | O51: - | P51: uw | Q51: - | R51: - | S51: uw | T51: uw | U51: uw | V51: uw | W51: uw | X51: - | Y51: - | Z51: uw | AA51: uw | AB51: uw | AC51: uw | AD51: uw | AE51: - | AF51: - | AG51: uw | AH51: uw | AJ51: =C51 -> CHĘCIŃSKI Piotr | AK51: =D51+AL51+AM51+AN51-$AK$47+AO51+AP51 -> #REF! | AL51: =COUNTIF(E51:AI51,"D")*24+COUNTIF(E51:AI51,"12g")*12+COUNTIF(E51:AI51,"w")*24 -> 0 | AM51: =SUM(COUNTIF(E51:AI51,"k")+COUNTIF(E51:AI51,"s")+COUNTIF(E51:AI51,"wse"))*24+SUM(COUNTIF(E51:AI51,"Pk")+COUNTIF(E51:AI51,"Ps"))*12 -> 0 | AN51: =SUM(E51:AI51)+COUNTIF(E51:AI51,"uw")*8+COUNTIF(E51:AI51,"us")*8+COUNTIF(E51:AI51,"uz")*8 -> 128 | AO51: =COUNTIF(E51:AI51,"DT")*8 -> 0
A52: SG046 | B52: D | C52: CHŁOPECKI Przemysław | D52: =#REF! -> #REF! | I52: PK | J52: K | K52: K | L52: K | M52: PK | AH52: pk | AJ52: =C52 -> CHŁOPECKI Przemysław | AK52: =D52+AL52+AM52+AN52-$AK$47+AO52+AP52 -> #REF! | AL52: =COUNTIF(E52:AI52,"D")*24+COUNTIF(E52:AI52,"12g")*12+COUNTIF(E52:AI52,"w")*24 -> 0 | AM52: =SUM(COUNTIF(E52:AI52,"k")+COUNTIF(E52:AI52,"s")+COUNTIF(E52:AI52,"wse"))*24+SUM(COUNTIF(E52:AI52,"Pk")+COUNTIF(E52:AI52,"Ps"))*12 -> 108 | AN52: =SUM(E52:AI52)+COUNTIF(E52:AI52,"uw")*8+COUNTIF(E52:AI52,"us")*8+COUNTIF(E52:AI52,"uz")*8 -> 0 | AO52: =COUNTIF(E52:AI52,"DT")*8 -> 0
A53: SG212 | B53: M | C53: CHUDZIAK Dariusz | D53: =#REF! -> #REF! | S53: PS | T53: S | U53: S | V53: S | W53: PS | AD53: uw | AE53: - | AF53: - | AG53: uw | AH53: uw | AJ53: =C53 -> CHUDZIAK Dariusz | AK53: =D53+AL53+AM53+AN53-$AK$47+AO53+AP53 -> #REF! | AL53: =COUNTIF(E53:AI53,"D")*24+COUNTIF(E53:AI53,"12g")*12+COUNTIF(E53:AI53,"w")*24 -> 0 | AM53: =SUM(COUNTIF(E53:AI53,"k")+COUNTIF(E53:AI53,"s")+COUNTIF(E53:AI53,"wse"))*24+SUM(COUNTIF(E53:AI53,"Pk")+COUNTIF(E53:AI53,"Ps"))*12 -> 96 | AN53: =SUM(E53:AI53)+COUNTIF(E53:AI53,"uw")*8+COUNTIF(E53:AI53,"us")*8+COUNTIF(E53:AI53,"uz")*8 -> 24 | AO53: =COUNTIF(E53:AI53,"DT")*8 -> 0
A54: SG312 | B54: D | C54: FIR Paweł | D54: =#REF! -> #REF! | W54: PK | X54: K | Y54: K | Z54: K | AA54: PK | AJ54: =C54 -> FIR Paweł | AK54: =D54+AL54+AM54+AN54-$AK$47+AO54+AP54 -> #REF! | AL54: =COUNTIF(E54:AI54,"D")*24+COUNTIF(E54:AI54,"12g")*12+COUNTIF(E54:AI54,"w")*24 -> 0 | AM54: =SUM(COUNTIF(E54:AI54,"k")+COUNTIF(E54:AI54,"s")+COUNTIF(E54:AI54,"wse"))*24+SUM(COUNTIF(E54:AI54,"Pk")+COUNTIF(E54:AI54,"Ps"))*12 -> 96 | AN54: =SUM(E54:AI54)+COUNTIF(E54:AI54,"uw")*8+COUNTIF(E54:AI54,"us")*8+COUNTIF(E54:AI54,"uz")*8 -> 0 | AO54: =COUNTIF(E54:AI54,"DT")*8 -> 0
A55: SG006 | B55: D | C55: GĘBALA Miłosz | D55: =#REF! -> #REF! | AJ55: =C55 -> GĘBALA Miłosz | AK55: =D55+AL55+AM55+AN55-$AK$47+AO55+AP55 -> #REF! | AL55: =COUNTIF(E55:AI55,"D")*24+COUNTIF(E55:AI55,"12g")*12+COUNTIF(E55:AI55,"w")*24 -> 0 | AM55: =SUM(COUNTIF(E55:AI55,"k")+COUNTIF(E55:AI55,"s")+COUNTIF(E55:AI55,"wse"))*24+SUM(COUNTIF(E55:AI55,"Pk")+COUNTIF(E55:AI55,"Ps"))*12 -> 0 | AN55: =SUM(E55:AI55)+COUNTIF(E55:AI55,"uw")*8+COUNTIF(E55:AI55,"us")*8+COUNTIF(E55:AI55,"uz")*8 -> 0 | AO55: =COUNTIF(E55:AI55,"DT")*8 -> 0
A56: SG046 | B56: M | C56: GRABIŃSKI Marcin | D56: =#REF! -> #REF! | T56: PK | U56: K | V56: K | W56: PK | AJ56: =C56 -> GRABIŃSKI Marcin | AK56: =D56+AL56+AM56+AN56-$AK$47+AO56+AP56 -> #REF! | AL56: =COUNTIF(E56:AI56,"D")*24+COUNTIF(E56:AI56,"12g")*12+COUNTIF(E56:AI56,"w")*24 -> 0 | AM56: =SUM(COUNTIF(E56:AI56,"k")+COUNTIF(E56:AI56,"s")+COUNTIF(E56:AI56,"wse"))*24+SUM(COUNTIF(E56:AI56,"Pk")+COUNTIF(E56:AI56,"Ps"))*12 -> 72 | AN56: =SUM(E56:AI56)+COUNTIF(E56:AI56,"uw")*8+COUNTIF(E56:AI56,"us")*8+COUNTIF(E56:AI56,"uz")*8 -> 0 | AO56: =COUNTIF(E56:AI56,"DT")*8 -> 0
A57: SG212 | B57: D | C57: GRZEGORCZYK Tomasz | D57: =#REF! -> #REF! | W57: PK | X57: K | Y57: K | Z57: K | AA57: PK | AJ57: =C57 -> GRZEGORCZYK Tomasz | AK57: =D57+AL57+AM57+AN57-$AK$47+AO57+AP57 -> #REF! | AL57: =COUNTIF(E57:AI57,"D")*24+COUNTIF(E57:AI57,"12g")*12+COUNTIF(E57:AI57,"w")*24 -> 0 | AM57: =SUM(COUNTIF(E57:AI57,"k")+COUNTIF(E57:AI57,"s")+COUNTIF(E57:AI57,"wse"))*24+SUM(COUNTIF(E57:AI57,"Pk")+COUNTIF(E57:AI57,"Ps"))*12 -> 96 | AN57: =SUM(E57:AI57)+COUNTIF(E57:AI57,"uw")*8+COUNTIF(E57:AI57,"us")*8+COUNTIF(E57:AI57,"uz")*8 -> 0 | AO57: =COUNTIF(E57:AI57,"DT")*8 -> 0
A58: SG312 | B58: MP | C58: JACUŃSKI Andrzej | D58: =#REF! -> #REF! | AD58: uw | AE58: - | AF58: - | AG58: uw | AH58: uw | AJ58: =C58 -> JACUŃSKI Andrzej | AK58: =D58+AL58+AM58+AN58-$AK$47+AO58+AP58 -> #REF! | AL58: =COUNTIF(E58:AI58,"D")*24+COUNTIF(E58:AI58,"12g")*12+COUNTIF(E58:AI58,"w")*24 -> 0 | AM58: =SUM(COUNTIF(E58:AI58,"k")+COUNTIF(E58:AI58,"s")+COUNTIF(E58:AI58,"wse"))*24+SUM(COUNTIF(E58:AI58,"Pk")+COUNTIF(E58:AI58,"Ps"))*12 -> 0 | AN58: =SUM(E58:AI58)+COUNTIF(E58:AI58,"uw")*8+COUNTIF(E58:AI58,"us")*8+COUNTIF(E58:AI58,"uz")*8 -> 24 | AO58: =COUNTIF(E58:AI58,"DT")*8 -> 0
A59: SG312 | B59: ZD | C59: JAROCKI Rafał | D59: =#REF! -> #REF! | AJ59: =C59 -> JAROCKI Rafał | AK59: =D59+AL59+AM59+AN59-$AK$47+AO59+AP59 -> #REF! | AL59: =COUNTIF(E59:AI59,"D")*24+COUNTIF(E59:AI59,"12g")*12+COUNTIF(E59:AI59,"w")*24 -> 0 | AM59: =SUM(COUNTIF(E59:AI59,"k")+COUNTIF(E59:AI59,"s")+COUNTIF(E59:AI59,"wse"))*24+SUM(COUNTIF(E59:AI59,"Pk")+COUNTIF(E59:AI59,"Ps"))*12 -> 0 | AN59: =SUM(E59:AI59)+COUNTIF(E59:AI59,"uw")*8+COUNTIF(E59:AI59,"us")*8+COUNTIF(E59:AI59,"uz")*8 -> 0 | AO59: =COUNTIF(E59:AI59,"DT")*8 -> 0
A60: SG312 | B60: MP | C60: KANIA Krzysztof | D60: =#REF! -> #REF! | P60: uw | Q60: - | R60: - | S60: uw | T60: uw | U60: uw | V60: uw | W60: uw | X60: - | Y60: - | Z60: uw | AA60: uw | AB60: uw | AD60: uw | AE60: - | AF60: - | AG60: uw | AH60: uw | AJ60: =C60 -> KANIA Krzysztof | AK60: =D60+AL60+AM60+AN60-$AK$47+AO60+AP60 -> #REF! | AL60: =COUNTIF(E60:AI60,"D")*24+COUNTIF(E60:AI60,"12g")*12+COUNTIF(E60:AI60,"w")*24 -> 0 | AM60: =SUM(COUNTIF(E60:AI60,"k")+COUNTIF(E60:AI60,"s")+COUNTIF(E60:AI60,"wse"))*24+SUM(COUNTIF(E60:AI60,"Pk")+COUNTIF(E60:AI60,"Ps"))*12 -> 0 | AN60: =SUM(E60:AI60)+COUNTIF(E60:AI60,"uw")*8+COUNTIF(E60:AI60,"us")*8+COUNTIF(E60:AI60,"uz")*8 -> 96 | AO60: =COUNTIF(E60:AI60,"DT")*8 -> 0
A61: SG216 | B61: MP | C61: KOMOSA Sebastian | D61: =#REF! -> #REF! | M61: pk | N61: k | O61: k | P61: k | Q61: k | R61: k | S61: k | T61: pk | Z61: uw | AA61: uw | AB61: uw | AJ61: =C61 -> KOMOSA Sebastian | AK61: =D61+AL61+AM61+AN61-$AK$47+AO61+AP61 -> #REF! | AL61: =COUNTIF(E61:AI61,"D")*24+COUNTIF(E61:AI61,"12g")*12+COUNTIF(E61:AI61,"w")*24 -> 0 | AM61: =SUM(COUNTIF(E61:AI61,"k")+COUNTIF(E61:AI61,"s")+COUNTIF(E61:AI61,"wse"))*24+SUM(COUNTIF(E61:AI61,"Pk")+COUNTIF(E61:AI61,"Ps"))*12 -> 168 | AN61: =SUM(E61:AI61)+COUNTIF(E61:AI61,"uw")*8+COUNTIF(E61:AI61,"us")*8+COUNTIF(E61:AI61,"uz")*8 -> 24 | AO61: =COUNTIF(E61:AI61,"DT")*8 -> 0
A62: SG214 | B62: MP | C62: KOSIŃSKI Krzysztof | D62: =#REF! -> #REF! | P62: uw | Q62: - | R62: - | S62: uw | T62: uw | U62: uw | V62: uw | W62: wu | AJ62: =C62 -> KOSIŃSKI Krzysztof | AK62: =D62+AL62+AM62+AN62-$AK$47+AO62+AP62 -> #REF! | AL62: =COUNTIF(E62:AI62,"D")*24+COUNTIF(E62:AI62,"12g")*12+COUNTIF(E62:AI62,"w")*24 -> 0 | AM62: =SUM(COUNTIF(E62:AI62,"k")+COUNTIF(E62:AI62,"s")+COUNTIF(E62:AI62,"wse"))*24+SUM(COUNTIF(E62:AI62,"Pk")+COUNTIF(E62:AI62,"Ps"))*12 -> 0 | AN62: =SUM(E62:AI62)+COUNTIF(E62:AI62,"uw")*8+COUNTIF(E62:AI62,"us")*8+COUNTIF(E62:AI62,"uz")*8 -> 40 | AO62: =COUNTIF(E62:AI62,"DT")*8 -> 0
A63: SG216 | B63: ZD | C63: KOSTRZEWSKI Paweł | D63: =#REF! -> #REF! | E63: k | F63: pk | AJ63: =C63 -> KOSTRZEWSKI Paweł | AK63: =D63+AL63+AM63+AN63-$AK$47+AO63+AP63 -> #REF! | AL63: =COUNTIF(E63:AI63,"D")*24+COUNTIF(E63:AI63,"12g")*12+COUNTIF(E63:AI63,"w")*24 -> 0 | AM63: =SUM(COUNTIF(E63:AI63,"k")+COUNTIF(E63:AI63,"s")+COUNTIF(E63:AI63,"wse"))*24+SUM(COUNTIF(E63:AI63,"Pk")+COUNTIF(E63:AI63,"Ps"))*12 -> 36 | AN63: =SUM(E63:AI63)+COUNTIF(E63:AI63,"uw")*8+COUNTIF(E63:AI63,"us")*8+COUNTIF(E63:AI63,"uz")*8 -> 0 | AO63: =COUNTIF(E63:AI63,"DT")*8 -> 0
A64: SG216 | B64: MP | C64: KRYGER Katarzyna | D64: =#REF! -> #REF! | AJ64: =C64 -> KRYGER Katarzyna | AK64: 0 | AL64: =COUNTIF(E64:AI64,"D")*24+COUNTIF(E64:AI64,"12g")*12+COUNTIF(E64:AI64,"w")*24 -> 0 | AM64: =SUM(COUNTIF(E64:AI64,"k")+COUNTIF(E64:AI64,"s")+COUNTIF(E64:AI64,"wse"))*24+SUM(COUNTIF(E64:AI64,"Pk")+COUNTIF(E64:AI64,"Ps"))*12 -> 0 | AN64: =SUM(E64:AI64)+COUNTIF(E64:AI64,"uw")*8+COUNTIF(E64:AI64,"us")*8+COUNTIF(E64:AI64,"uz")*8 -> 0 | AO64: =COUNTIF(E64:AI64,"DT")*8 -> 0
A65: SG006 | B65: D | C65: KRYSZTOFIAK Mariusz | D65: =#REF! -> #REF! | T65: PK | U65: K | V65: K | W65: PK | AJ65: =C65 -> KRYSZTOFIAK Mariusz | AK65: =D65+AL65+AM65+AN65-$AK$47+AO65+AP65 -> #REF! | AL65: =COUNTIF(E65:AI65,"D")*24+COUNTIF(E65:AI65,"12g")*12+COUNTIF(E65:AI65,"w")*24 -> 0 | AM65: =SUM(COUNTIF(E65:AI65,"k")+COUNTIF(E65:AI65,"s")+COUNTIF(E65:AI65,"wse"))*24+SUM(COUNTIF(E65:AI65,"Pk")+COUNTIF(E65:AI65,"Ps"))*12 -> 72 | AN65: =SUM(E65:AI65)+COUNTIF(E65:AI65,"uw")*8+COUNTIF(E65:AI65,"us")*8+COUNTIF(E65:AI65,"uz")*8 -> 0 | AO65: =COUNTIF(E65:AI65,"DT")*8 -> 0
A66: SG312 | B66: MP | C66: KRZYSZTOFIAK Dariusz | D66: =#REF! -> #REF! | AJ66: =C66 -> KRZYSZTOFIAK Dariusz | AK66: =D66+AL66+AM66+AN66-$AK$47+AO66+AP66 -> #REF! | AL66: =COUNTIF(E66:AI66,"D")*24+COUNTIF(E66:AI66,"12g")*12+COUNTIF(E66:AI66,"w")*24 -> 0 | AM66: =SUM(COUNTIF(E66:AI66,"k")+COUNTIF(E66:AI66,"s")+COUNTIF(E66:AI66,"wse"))*24+SUM(COUNTIF(E66:AI66,"Pk")+COUNTIF(E66:AI66,"Ps"))*12 -> 0 | AN66: =SUM(E66:AI66)+COUNTIF(E66:AI66,"uw")*8+COUNTIF(E66:AI66,"us")*8+COUNTIF(E66:AI66,"uz")*8 -> 0 | AO66: =COUNTIF(E66:AI66,"DT")*8 -> 0
A67: SG312 | B67: MP | C67: KRZYSZTOFIAK Zbigniew | D67: =#REF! -> #REF! | AJ67: =C67 -> KRZYSZTOFIAK Zbigniew | AK67: =D67+AL67+AM67+AN67-$AK$47+AO67+AP67 -> #REF! | AL67: =COUNTIF(E67:AI67,"D")*24+COUNTIF(E67:AI67,"12g")*12+COUNTIF(E67:AI67,"w")*24 -> 0 | AM67: =SUM(COUNTIF(E67:AI67,"k")+COUNTIF(E67:AI67,"s")+COUNTIF(E67:AI67,"wse"))*24+SUM(COUNTIF(E67:AI67,"Pk")+COUNTIF(E67:AI67,"Ps"))*12 -> 0 | AN67: =SUM(E67:AI67)+COUNTIF(E67:AI67,"uw")*8+COUNTIF(E67:AI67,"us")*8+COUNTIF(E67:AI67,"uz")*8 -> 0 | AO67: =COUNTIF(E67:AI67,"DT")*8 -> 0
A68: SG216 | B68: D | C68: KUKIEŁKA Wojciech | D68: =#REF! -> #REF! | M68: pk | N68: k | O68: k | P68: k | Q68: k | R68: k | S68: k | T68: pk | AJ68: =C68 -> KUKIEŁKA Wojciech | AK68: =D68+AL68+AM68+AN68-$AK$47+AO68+AP68 -> #REF! | AL68: =COUNTIF(E68:AI68,"D")*24+COUNTIF(E68:AI68,"12g")*12+COUNTIF(E68:AI68,"w")*24 -> 0 | AM68: =SUM(COUNTIF(E68:AI68,"k")+COUNTIF(E68:AI68,"s")+COUNTIF(E68:AI68,"wse"))*24+SUM(COUNTIF(E68:AI68,"Pk")+COUNTIF(E68:AI68,"Ps"))*12 -> 168 | AN68: =SUM(E68:AI68)+COUNTIF(E68:AI68,"uw")*8+COUNTIF(E68:AI68,"us")*8+COUNTIF(E68:AI68,"uz")*8 -> 0 | AO68: =COUNTIF(E68:AI68,"DT")*8 -> 0
A69: SG216 | B69: D | C69: KUSIAK Jacek | D69: =#REF! -> #REF! | AH69: pk | AJ69: =C69 -> KUSIAK Jacek | AK69: =D69+AL69+AM69+AN69-$AK$47+AO69+AP69 -> #REF! | AL69: =COUNTIF(E69:AI69,"D")*24+COUNTIF(E69:AI69,"12g")*12+COUNTIF(E69:AI69,"w")*24 -> 0 | AM69: =SUM(COUNTIF(E69:AI69,"k")+COUNTIF(E69:AI69,"s")+COUNTIF(E69:AI69,"wse"))*24+SUM(COUNTIF(E69:AI69,"Pk")+COUNTIF(E69:AI69,"Ps"))*12 -> 12 | AN69: =SUM(E69:AI69)+COUNTIF(E69:AI69,"uw")*8+COUNTIF(E69:AI69,"us")*8+COUNTIF(E69:AI69,"uz")*8 -> 0 | AO69: =COUNTIF(E69:AI69,"DT")*8 -> 0
A70: SG216 | B70: MP | C70: LISEWSKI Sebastian | D70: =#REF! -> #REF! | AA70: pk | AB70: k | AC70: k | AD70: k | AE70: k | AF70: k | AG70: k | AH70: pk | AJ70: =C70 -> LISEWSKI Sebastian | AK70: =D70+AL70+AM70+AN70-$AK$47+AO70+AP70 -> #REF! | AL70: =COUNTIF(E70:AI70,"D")*24+COUNTIF(E70:AI70,"12g")*12+COUNTIF(E70:AI70,"w")*24 -> 0 | AM70: =SUM(COUNTIF(E70:AI70,"k")+COUNTIF(E70:AI70,"s")+COUNTIF(E70:AI70,"wse"))*24+SUM(COUNTIF(E70:AI70,"Pk")+COUNTIF(E70:AI70,"Ps"))*12 -> 168 | AN70: =SUM(E70:AI70)+COUNTIF(E70:AI70,"uw")*8+COUNTIF(E70:AI70,"us")*8+COUNTIF(E70:AI70,"uz")*8 -> 0 | AO70: =COUNTIF(E70:AI70,"DT")*8 -> 0
A71: SG312 | B71: M | C71: ŁUSZCZYŃSKI Jordan | D71: =#REF! -> #REF! | P71: PS | Q71: S | R71: S | S71: PS | AJ71: =C71 -> ŁUSZCZYŃSKI Jordan | AK71: =D71+AL71+AM71+AN71-$AK$47+AO71+AP71 -> #REF! | AL71: =COUNTIF(E71:AI71,"D")*24+COUNTIF(E71:AI71,"12g")*12+COUNTIF(E71:AI71,"w")*24 -> 0 | AM71: =SUM(COUNTIF(E71:AI71,"k")+COUNTIF(E71:AI71,"s")+COUNTIF(E71:AI71,"wse"))*24+SUM(COUNTIF(E71:AI71,"Pk")+COUNTIF(E71:AI71,"Ps"))*12 -> 72 | AN71: =SUM(E71:AI71)+COUNTIF(E71:AI71,"uw")*8+COUNTIF(E71:AI71,"us")*8+COUNTIF(E71:AI71,"uz")*8 -> 0 | AO71: =COUNTIF(E71:AI71,"DT")*8 -> 0
A72: SG216 | B72: D | C72: MAJCHER Cezary | D72: =#REF! -> #REF! | F72: pk | G72: k | H72: k | I72: k | J72: k | K72: k | L72: k | M72: pk | AD72: uw | AE72: - | AF72: - | AG72: uw | AH72: uw | AJ72: =C72 -> MAJCHER Cezary | AK72: =D72+AL72+AM72+AN72-$AK$47+AO72+AP72 -> #REF! | AL72: =COUNTIF(E72:AI72,"D")*24+COUNTIF(E72:AI72,"12g")*12+COUNTIF(E72:AI72,"w")*24 -> 0 | AM72: =SUM(COUNTIF(E72:AI72,"k")+COUNTIF(E72:AI72,"s")+COUNTIF(E72:AI72,"wse"))*24+SUM(COUNTIF(E72:AI72,"Pk")+COUNTIF(E72:AI72,"Ps"))*12 -> 168 | AN72: =SUM(E72:AI72)+COUNTIF(E72:AI72,"uw")*8+COUNTIF(E72:AI72,"us")*8+COUNTIF(E72:AI72,"uz")*8 -> 24 | AO72: =COUNTIF(E72:AI72,"DT")*8 -> 0
A73: SG312 | B73: M | C73: MAŁKOWSKI Jakub | D73: =#REF! -> #REF! | AD73: PS | AE73: S | AF73: S | AG73: PS | AJ73: =C73 -> MAŁKOWSKI Jakub | AK73: =D73+AL73+AM73+AN73-$AK$47+AO73+AP73 -> #REF! | AL73: =COUNTIF(E73:AI73,"D")*24+COUNTIF(E73:AI73,"12g")*12+COUNTIF(E73:AI73,"w")*24 -> 0 | AM73: =SUM(COUNTIF(E73:AI73,"k")+COUNTIF(E73:AI73,"s")+COUNTIF(E73:AI73,"wse"))*24+SUM(COUNTIF(E73:AI73,"Pk")+COUNTIF(E73:AI73,"Ps"))*12 -> 72 | AN73: =SUM(E73:AI73)+COUNTIF(E73:AI73,"uw")*8+COUNTIF(E73:AI73,"us")*8+COUNTIF(E73:AI73,"uz")*8 -> 0 | AO73: =COUNTIF(E73:AI73,"DT")*8 -> 0
A74: SG216 | B74: M | C74: MATUK Tomasz | D74: =#REF! -> #REF! | F74: uw | G74: uw | H74: uw | I74: uw | J74: - | K74: - | L74: uw | M74: uw | N74: uw | O74: - | P74: uw | Q74: - | R74: - | S74: uw | AJ74: =C74 -> MATUK Tomasz | AK74: =D74+AL74+AM74+AN74-$AK$47+AO74+AP74 -> #REF! | AL74: =COUNTIF(E74:AI74,"D")*24+COUNTIF(E74:AI74,"12g")*12+COUNTIF(E74:AI74,"w")*24 -> 0 | AM74: =SUM(COUNTIF(E74:AI74,"k")+COUNTIF(E74:AI74,"s")+COUNTIF(E74:AI74,"wse"))*24+SUM(COUNTIF(E74:AI74,"Pk")+COUNTIF(E74:AI74,"Ps"))*12 -> 0 | AN74: =SUM(E74:AI74)+COUNTIF(E74:AI74,"uw")*8+COUNTIF(E74:AI74,"us")*8+COUNTIF(E74:AI74,"uz")*8 -> 72 | AO74: =COUNTIF(E74:AI74,"DT")*8 -> 0
A75: SG312 | B75: D | C75: MRUCZKIEWICZ Sławomir | D75: =#REF! -> #REF! | AJ75: =C75 -> MRUCZKIEWICZ Sławomir | AK75: =D75+AL75+AM75+AN75-$AK$47+AO75+AP75 -> #REF! | AL75: =COUNTIF(E75:AI75,"D")*24+COUNTIF(E75:AI75,"12g")*12+COUNTIF(E75:AI75,"w")*24 -> 0 | AM75: =SUM(COUNTIF(E75:AI75,"k")+COUNTIF(E75:AI75,"s")+COUNTIF(E75:AI75,"wse"))*24+SUM(COUNTIF(E75:AI75,"Pk")+COUNTIF(E75:AI75,"Ps"))*12 -> 0 | AN75: =SUM(E75:AI75)+COUNTIF(E75:AI75,"uw")*8+COUNTIF(E75:AI75,"us")*8+COUNTIF(E75:AI75,"uz")*8 -> 0 | AO75: =COUNTIF(E75:AI75,"DT")*8 -> 0
A76: SG216 | B76: M | C76: ORZECHOWSKI Bartosz | D76: =#REF! -> #REF! | AA76: PK | AB76: K | AC76: K | AD76: K | AE76: K | AF76: K | AG76: K | AH76: PK | AJ76: =C76 -> ORZECHOWSKI Bartosz | AK76: =D76+AL76+AM76+AN76-$AK$47+AO76+AP76 -> #REF! | AL76: =COUNTIF(E76:AI76,"D")*24+COUNTIF(E76:AI76,"12g")*12+COUNTIF(E76:AI76,"w")*24 -> 0 | AM76: =SUM(COUNTIF(E76:AI76,"k")+COUNTIF(E76:AI76,"s")+COUNTIF(E76:AI76,"wse"))*24+SUM(COUNTIF(E76:AI76,"Pk")+COUNTIF(E76:AI76,"Ps"))*12 -> 168 | AN76: =SUM(E76:AI76)+COUNTIF(E76:AI76,"uw")*8+COUNTIF(E76:AI76,"us")*8+COUNTIF(E76:AI76,"uz")*8 -> 0 | AO76: =COUNTIF(E76:AI76,"DT")*8 -> 0
A77: SG216 | B77: D | C77: PADJAS Marek | D77: =#REF! -> #REF! | E77: - | F77: uw | G77: uw | H77: uw | I77: uw | L77: uw | M77: uw | N77: uw | O77: - | P77: uw | Q77: - | R77: - | S77: uw | T77: uw | AA77: pk | AB77: k | AC77: k | AD77: k | AE77: k | AF77: k | AG77: k | AH77: pk | AJ77: =C77 -> PADJAS Marek | AK77: =D77+AL77+AM77+AN77-$AK$47+AO77+AP77 -> #REF! | AL77: =COUNTIF(E77:AI77,"D")*24+COUNTIF(E77:AI77,"12g")*12+COUNTIF(E77:AI77,"w")*24 -> 0 | AM77: =SUM(COUNTIF(E77:AI77,"k")+COUNTIF(E77:AI77,"s")+COUNTIF(E77:AI77,"wse"))*24+SUM(COUNTIF(E77:AI77,"Pk")+COUNTIF(E77:AI77,"Ps"))*12 -> 168 | AN77: =SUM(E77:AI77)+COUNTIF(E77:AI77,"uw")*8+COUNTIF(E77:AI77,"us")*8+COUNTIF(E77:AI77,"uz")*8 -> 80 | AO77: =COUNTIF(E77:AI77,"DT")*8 -> 0
A78: SG216 | B78: M | C78: PAWLAK Maciej Tomasz | D78: =#REF! -> #REF! | E78: k | F78: pk | L78: uw | M78: uw | N78: uw | O78: - | P78: uw | Q78: - | R78: - | S78: uw | T78: uw | AJ78: =C78 -> PAWLAK Maciej Tomasz | AK78: =D78+AL78+AM78+AN78-$AK$47+AO78+AP78 -> #REF! | AL78: =COUNTIF(E78:AI78,"D")*24+COUNTIF(E78:AI78,"12g")*12+COUNTIF(E78:AI78,"w")*24 -> 0 | AM78: =SUM(COUNTIF(E78:AI78,"k")+COUNTIF(E78:AI78,"s")+COUNTIF(E78:AI78,"wse"))*24+SUM(COUNTIF(E78:AI78,"Pk")+COUNTIF(E78:AI78,"Ps"))*12 -> 36 | AN78: =SUM(E78:AI78)+COUNTIF(E78:AI78,"uw")*8+COUNTIF(E78:AI78,"us")*8+COUNTIF(E78:AI78,"uz")*8 -> 48 | AO78: =COUNTIF(E78:AI78,"DT")*8 -> 0
A79: SG006 | B79: MP | C79: PAWŁOWSKA Agata | D79: =#REF! -> #REF! | T79: pk | U79: k | V79: k | W79: pk | AJ79: =C79 -> PAWŁOWSKA Agata | AK79: =D79+AL79+AM79+AN79-$AK$47+AO79+AP79 -> #REF! | AL79: =COUNTIF(E79:AI79,"D")*24+COUNTIF(E79:AI79,"12g")*12+COUNTIF(E79:AI79,"w")*24 -> 0 | AM79: =SUM(COUNTIF(E79:AI79,"k")+COUNTIF(E79:AI79,"s")+COUNTIF(E79:AI79,"wse"))*24+SUM(COUNTIF(E79:AI79,"Pk")+COUNTIF(E79:AI79,"Ps"))*12 -> 72 | AN79: =SUM(E79:AI79)+COUNTIF(E79:AI79,"uw")*8+COUNTIF(E79:AI79,"us")*8+COUNTIF(E79:AI79,"uz")*8 -> 0 | AO79: =COUNTIF(E79:AI79,"DT")*8 -> 0
A80: SG216 | B80: M | C80: PAWŁOWSKI Piotr | D80: =#REF! -> #REF! | M80: PK | N80: K | O80: K | P80: PK | AJ80: =C80 -> PAWŁOWSKI Piotr | AK80: =D80+AL80+AM80+AN80-$AK$47+AO80+AP80 -> #REF! | AL80: =COUNTIF(E80:AI80,"D")*24+COUNTIF(E80:AI80,"12g")*12+COUNTIF(E80:AI80,"w")*24 -> 0 | AM80: =SUM(COUNTIF(E80:AI80,"k")+COUNTIF(E80:AI80,"s")+COUNTIF(E80:AI80,"wse"))*24+SUM(COUNTIF(E80:AI80,"Pk")+COUNTIF(E80:AI80,"Ps"))*12 -> 72 | AN80: =SUM(E80:AI80)+COUNTIF(E80:AI80,"uw")*8+COUNTIF(E80:AI80,"us")*8+COUNTIF(E80:AI80,"uz")*8 -> 0 | AO80: =COUNTIF(E80:AI80,"DT")*8 -> 0
A81: SG312 | B81: MP | C81: PERKOWSKI Tadeusz | D81: =#REF! -> #REF! | H81: uw | I81: uw | J81: - | K81: - | L81: uw | M81: uw | N81: uw | O81: - | P81: uw | AJ81: =C81 -> PERKOWSKI Tadeusz | AK81: =D81+AL81+AM81+AN81-$AK$47+AO81+AP81 -> #REF! | AL81: =COUNTIF(E81:AI81,"D")*24+COUNTIF(E81:AI81,"12g")*12+COUNTIF(E81:AI81,"w")*24 -> 0 | AM81: =SUM(COUNTIF(E81:AI81,"k")+COUNTIF(E81:AI81,"s")+COUNTIF(E81:AI81,"wse"))*24+SUM(COUNTIF(E81:AI81,"Pk")+COUNTIF(E81:AI81,"Ps"))*12 -> 0 | AN81: =SUM(E81:AI81)+COUNTIF(E81:AI81,"uw")*8+COUNTIF(E81:AI81,"us")*8+COUNTIF(E81:AI81,"uz")*8 -> 48 | AO81: =COUNTIF(E81:AI81,"DT")*8 -> 0
A82: SG046 | B82: MP | C82: PEZAŁA Maciej | D82: =#REF! -> #REF! | P82: PS | Q82: S | R82: S | S82: PS | AJ82: =C82 -> PEZAŁA Maciej | AK82: =D82+AL82+AM82+AN82-$AK$47+AO82+AP82 -> #REF! | AL82: =COUNTIF(E82:AI82,"D")*24+COUNTIF(E82:AI82,"12g")*12+COUNTIF(E82:AI82,"w")*24 -> 0 | AM82: =SUM(COUNTIF(E82:AI82,"k")+COUNTIF(E82:AI82,"s")+COUNTIF(E82:AI82,"wse"))*24+SUM(COUNTIF(E82:AI82,"Pk")+COUNTIF(E82:AI82,"Ps"))*12 -> 72 | AN82: =SUM(E82:AI82)+COUNTIF(E82:AI82,"uw")*8+COUNTIF(E82:AI82,"us")*8+COUNTIF(E82:AI82,"uz")*8 -> 0 | AO82: =COUNTIF(E82:AI82,"DT")*8 -> 0
A83: SG046 | B83: D | C83: PIEŃKOWSKI Mirosław | D83: =#REF! -> #REF! | L83: uw | M83: uw | N83: uw | O83: - | P83: uw | Q83: - | R83: - | S83: uw | T83: uw | AA83: PK | AB83: K | AC83: K | AD83: K | AE83: K | AF83: K | AG83: K | AH83: PK | AJ83: =C83 -> PIEŃKOWSKI Mirosław | AK83: =D83+AL83+AM83+AN83-$AK$47+AO83+AP83 -> #REF! | AL83: =COUNTIF(E83:AI83,"D")*24+COUNTIF(E83:AI83,"12g")*12+COUNTIF(E83:AI83,"w")*24 -> 0 | AM83: =SUM(COUNTIF(E83:AI83,"k")+COUNTIF(E83:AI83,"s")+COUNTIF(E83:AI83,"wse"))*24+SUM(COUNTIF(E83:AI83,"Pk")+COUNTIF(E83:AI83,"Ps"))*12 -> 168 | AN83: =SUM(E83:AI83)+COUNTIF(E83:AI83,"uw")*8+COUNTIF(E83:AI83,"us")*8+COUNTIF(E83:AI83,"uz")*8 -> 48 | AO83: =COUNTIF(E83:AI83,"DT")*8 -> 0
A84: SG312 | B84: ZD | C84: PUJANEK Sebastian | D84: =#REF! -> #REF! | AJ84: =C84 -> PUJANEK Sebastian | AK84: =D84+AL84+AM84+AN84-$AK$47+AO84+AP84 -> #REF! | AL84: =COUNTIF(E84:AI84,"D")*24+COUNTIF(E84:AI84,"12g")*12+COUNTIF(E84:AI84,"w")*24 -> 0 | AM84: =SUM(COUNTIF(E84:AI84,"k")+COUNTIF(E84:AI84,"s")+COUNTIF(E84:AI84,"wse"))*24+SUM(COUNTIF(E84:AI84,"Pk")+COUNTIF(E84:AI84,"Ps"))*12 -> 0 | AN84: =SUM(E84:AI84)+COUNTIF(E84:AI84,"uw")*8+COUNTIF(E84:AI84,"us")*8+COUNTIF(E84:AI84,"uz")*8 -> 0 | AO84: =COUNTIF(E84:AI84,"DT")*8 -> 0
A85: SG312 | B85: MP | C85: REIMANN Daniel | D85: =#REF! -> #REF! | AJ85: =C85 -> REIMANN Daniel | AK85: =D85+AL85+AM85+AN85-$AK$47+AO85+AP85 -> #REF! | AL85: =COUNTIF(E85:AI85,"D")*24+COUNTIF(E85:AI85,"12g")*12+COUNTIF(E85:AI85,"w")*24 -> 0 | AM85: =SUM(COUNTIF(E85:AI85,"k")+COUNTIF(E85:AI85,"s")+COUNTIF(E85:AI85,"wse"))*24+SUM(COUNTIF(E85:AI85,"Pk")+COUNTIF(E85:AI85,"Ps"))*12 -> 0 | AN85: =SUM(E85:AI85)+COUNTIF(E85:AI85,"uw")*8+COUNTIF(E85:AI85,"us")*8+COUNTIF(E85:AI85,"uz")*8 -> 0 | AO85: =COUNTIF(E85:AI85,"DT")*8 -> 0
A86: SG212 | B86: MP | C86: ROZMYTAŃSKA - PEŁECH Olga | D86: =#REF! -> #REF! | F86: uw | G86: uw | H86: uw | I86: uw | T86: pk | U86: k | V86: k | W86: pk | AJ86: =C86 -> ROZMYTAŃSKA - PEŁECH Olga | AK86: =D86+AL86+AM86+AN86-$AK$47+AO86+AP86 -> #REF! | AL86: =COUNTIF(E86:AI86,"D")*24+COUNTIF(E86:AI86,"12g")*12+COUNTIF(E86:AI86,"w")*24 -> 0 | AM86: =SUM(COUNTIF(E86:AI86,"k")+COUNTIF(E86:AI86,"s")+COUNTIF(E86:AI86,"wse"))*24+SUM(COUNTIF(E86:AI86,"Pk")+COUNTIF(E86:AI86,"Ps"))*12 -> 72 | AN86: =SUM(E86:AI86)+COUNTIF(E86:AI86,"uw")*8+COUNTIF(E86:AI86,"us")*8+COUNTIF(E86:AI86,"uz")*8 -> 32 | AO86: =COUNTIF(E86:AI86,"DT")*8 -> 0
A87: SG216 | B87: ZD | C87: SCHEEL Magdalena | D87: =#REF! -> #REF! | AJ87: =C87 -> SCHEEL Magdalena | AK87: 0 | AL87: =COUNTIF(E87:AI87,"D")*24+COUNTIF(E87:AI87,"12g")*12+COUNTIF(E87:AI87,"w")*24 -> 0 | AM87: =SUM(COUNTIF(E87:AI87,"k")+COUNTIF(E87:AI87,"s")+COUNTIF(E87:AI87,"wse"))*24+SUM(COUNTIF(E87:AI87,"Pk")+COUNTIF(E87:AI87,"Ps"))*12 -> 0 | AN87: =SUM(E87:AI87)+COUNTIF(E87:AI87,"uw")*8+COUNTIF(E87:AI87,"us")*8+COUNTIF(E87:AI87,"uz")*8 -> 0 | AO87: =COUNTIF(E87:AI87,"DT")*8 -> 0
A88: SG216 | B88: MP | C88: SKALSKA Paulina | D88: =#REF! -> #REF! | E88: k | F88: pk | W88: PK | X88: K | Y88: K | Z88: PK | AG88: uw | AH88: uw | AJ88: =C88 -> SKALSKA Paulina | AK88: =D88+AL88+AM88+AN88-$AK$47+AO88+AP88 -> #REF! | AL88: =COUNTIF(E88:AI88,"D")*24+COUNTIF(E88:AI88,"12g")*12+COUNTIF(E88:AI88,"w")*24 -> 0 | AM88: =SUM(COUNTIF(E88:AI88,"k")+COUNTIF(E88:AI88,"s")+COUNTIF(E88:AI88,"wse"))*24+SUM(COUNTIF(E88:AI88,"Pk")+COUNTIF(E88:AI88,"Ps"))*12 -> 108 | AN88: =SUM(E88:AI88)+COUNTIF(E88:AI88,"uw")*8+COUNTIF(E88:AI88,"us")*8+COUNTIF(E88:AI88,"uz")*8 -> 16 | AO88: =COUNTIF(E88:AI88,"DT")*8 -> 0
A89: SG216 | B89: ZD | C89: STOPA Maciej | D89: =#REF! -> #REF! | M89: pk | N89: k | O89: k | P89: k | Q89: k | R89: k | S89: k | T89: pk | AG89: uw | AH89: uw | AJ89: =C89 -> STOPA Maciej | AK89: =D89+AL89+AM89+AN89-$AK$47+AO89+AP89 -> #REF! | AL89: =COUNTIF(E89:AI89,"D")*24+COUNTIF(E89:AI89,"12g")*12+COUNTIF(E89:AI89,"w")*24 -> 0 | AM89: =SUM(COUNTIF(E89:AI89,"k")+COUNTIF(E89:AI89,"s")+COUNTIF(E89:AI89,"wse"))*24+SUM(COUNTIF(E89:AI89,"Pk")+COUNTIF(E89:AI89,"Ps"))*12 -> 168 | AN89: =SUM(E89:AI89)+COUNTIF(E89:AI89,"uw")*8+COUNTIF(E89:AI89,"us")*8+COUNTIF(E89:AI89,"uz")*8 -> 16 | AO89: =COUNTIF(E89:AI89,"DT")*8 -> 0
A90: SG216 | B90: M | C90: SUSZEK Bartosz | D90: =#REF! -> #REF! | G90: uw | H90: uw | I90: uw | J90: - | K90: - | L90: uw | M90: uw | P90: 8 | Q90: d | S90: 8 | W90: PK | X90: k | Y90: k | Z90: k | AA90: pk | AB90: 8 | AJ90: =C90 -> SUSZEK Bartosz | AK90: =D90+AL90+AM90+AN90-$AK$47+AO90+AP90 -> #REF! | AL90: =COUNTIF(E90:AI90,"D")*24+COUNTIF(E90:AI90,"12g")*12+COUNTIF(E90:AI90,"w")*24 -> 24 | AM90: =SUM(COUNTIF(E90:AI90,"k")+COUNTIF(E90:AI90,"s")+COUNTIF(E90:AI90,"wse"))*24+SUM(COUNTIF(E90:AI90,"Pk")+COUNTIF(E90:AI90,"Ps"))*12 -> 96 | AN90: =SUM(E90:AI90)+COUNTIF(E90:AI90,"uw")*8+COUNTIF(E90:AI90,"us")*8+COUNTIF(E90:AI90,"uz")*8 -> 64 | AO90: =COUNTIF(E90:AI90,"DT")*8 -> 0
A91: SG312 | B91: MP | C91: SZCZEPAŃSKI Tomasz Łukasz | D91: =#REF! -> #REF! | I91: PS | J91: S | K91: S | L91: PS | AJ91: =C91 -> SZCZEPAŃSKI Tomasz Łukasz | AK91: =D91+AL91+AM91+AN91-$AK$47+AO91+AP91 -> #REF! | AL91: =COUNTIF(E91:AI91,"D")*24+COUNTIF(E91:AI91,"12g")*12+COUNTIF(E91:AI91,"w")*24 -> 0 | AM91: =SUM(COUNTIF(E91:AI91,"k")+COUNTIF(E91:AI91,"s")+COUNTIF(E91:AI91,"wse"))*24+SUM(COUNTIF(E91:AI91,"Pk")+COUNTIF(E91:AI91,"Ps"))*12 -> 72 | AN91: =SUM(E91:AI91)+COUNTIF(E91:AI91,"uw")*8+COUNTIF(E91:AI91,"us")*8+COUNTIF(E91:AI91,"uz")*8 -> 0 | AO91: =COUNTIF(E91:AI91,"DT")*8 -> 0
A92: SG312 | B92: MP | C92: SZNAJDER Wiktor | D92: =#REF! -> #REF! | AJ92: =C92 -> SZNAJDER Wiktor | AK92: =D92+AL92+AM92+AN92-$AK$47+AO92+AP92 -> #REF! | AL92: =COUNTIF(E92:AI92,"D")*24+COUNTIF(E92:AI92,"12g")*12+COUNTIF(E92:AI92,"w")*24 -> 0 | AM92: =SUM(COUNTIF(E92:AI92,"k")+COUNTIF(E92:AI92,"s")+COUNTIF(E92:AI92,"wse"))*24+SUM(COUNTIF(E92:AI92,"Pk")+COUNTIF(E92:AI92,"Ps"))*12 -> 0 | AN92: =SUM(E92:AI92)+COUNTIF(E92:AI92,"uw")*8+COUNTIF(E92:AI92,"us")*8+COUNTIF(E92:AI92,"uz")*8 -> 0 | AO92: =COUNTIF(E92:AI92,"DT")*8 -> 0
A93: SG312 | B93: M | C93: SZYMAŃSKI Tomasz | D93: =#REF! -> #REF! | E93: - | F93: uw | AJ93: =C93 -> SZYMAŃSKI Tomasz | AK93: =D93+AL93+AM93+AN93-$AK$47+AO93+AP93 -> #REF! | AL93: =COUNTIF(E93:AI93,"D")*24+COUNTIF(E93:AI93,"12g")*12+COUNTIF(E93:AI93,"w")*24 -> 0 | AM93: =SUM(COUNTIF(E93:AI93,"k")+COUNTIF(E93:AI93,"s")+COUNTIF(E93:AI93,"wse"))*24+SUM(COUNTIF(E93:AI93,"Pk")+COUNTIF(E93:AI93,"Ps"))*12 -> 0 | AN93: =SUM(E93:AI93)+COUNTIF(E93:AI93,"uw")*8+COUNTIF(E93:AI93,"us")*8+COUNTIF(E93:AI93,"uz")*8 -> 8 | AO93: =COUNTIF(E93:AI93,"DT")*8 -> 0
A94: SG312 | B94: MP | C94: ŚLIWIŃSKI Krzysztof | D94: =#REF! -> #REF! | AJ94: =C94 -> ŚLIWIŃSKI Krzysztof | AK94: =D94+AL94+AM94+AN94-$AK$47+AO94+AP94 -> #REF! | AL94: =COUNTIF(E94:AI94,"D")*24+COUNTIF(E94:AI94,"12g")*12+COUNTIF(E94:AI94,"w")*24 -> 0 | AM94: =SUM(COUNTIF(E94:AI94,"k")+COUNTIF(E94:AI94,"s")+COUNTIF(E94:AI94,"wse"))*24+SUM(COUNTIF(E94:AI94,"Pk")+COUNTIF(E94:AI94,"Ps"))*12 -> 0 | AN94: =SUM(E94:AI94)+COUNTIF(E94:AI94,"uw")*8+COUNTIF(E94:AI94,"us")*8+COUNTIF(E94:AI94,"uz")*8 -> 0 | AO94: =COUNTIF(E94:AI94,"DT")*8 -> 0
A95: SG312 | B95: ZD | C95: TOCHOR Krzysztof | D95: =#REF! -> #REF! | AJ95: =C95 -> TOCHOR Krzysztof | AK95: =D95+AL95+AM95+AN95-$AK$47+AO95+AP95 -> #REF! | AL95: =COUNTIF(E95:AI95,"D")*24+COUNTIF(E95:AI95,"12g")*12+COUNTIF(E95:AI95,"w")*24 -> 0 | AM95: =SUM(COUNTIF(E95:AI95,"k")+COUNTIF(E95:AI95,"s")+COUNTIF(E95:AI95,"wse"))*24+SUM(COUNTIF(E95:AI95,"Pk")+COUNTIF(E95:AI95,"Ps"))*12 -> 0 | AN95: =SUM(E95:AI95)+COUNTIF(E95:AI95,"uw")*8+COUNTIF(E95:AI95,"us")*8+COUNTIF(E95:AI95,"uz")*8 -> 0 | AO95: =COUNTIF(E95:AI95,"DT")*8 -> 0
A96: SG312 | B96: MP | C96: WITCZAK Milena | D96: =#REF! -> #REF! | G96: pk | H96: k | I96: k | J96: k | K96: k | L96: k | M96: pk | AJ96: =C96 -> WITCZAK Milena | AK96: =D96+AL96+AM96+AN96-$AK$47+AO96+AP96 -> #REF! | AL96: =COUNTIF(E96:AI96,"D")*24+COUNTIF(E96:AI96,"12g")*12+COUNTIF(E96:AI96,"w")*24 -> 0 | AM96: =SUM(COUNTIF(E96:AI96,"k")+COUNTIF(E96:AI96,"s")+COUNTIF(E96:AI96,"wse"))*24+SUM(COUNTIF(E96:AI96,"Pk")+COUNTIF(E96:AI96,"Ps"))*12 -> 144 | AN96: =SUM(E96:AI96)+COUNTIF(E96:AI96,"uw")*8+COUNTIF(E96:AI96,"us")*8+COUNTIF(E96:AI96,"uz")*8 -> 0 | AO96: =COUNTIF(E96:AI96,"DT")*8 -> 0
A97: SG312 | B97: MP | C97: WOŹNIAK Szymon | D97: =#REF! -> #REF! | W97: PS | X97: S | Y97: S | Z97: PS | AJ97: =C97 -> WOŹNIAK Szymon | AK97: =D97+AL97+AM97+AN97-$AK$47+AO97+AP97 -> #REF! | AL97: =COUNTIF(E97:AI97,"D")*24+COUNTIF(E97:AI97,"12g")*12+COUNTIF(E97:AI97,"w")*24 -> 0 | AM97: =SUM(COUNTIF(E97:AI97,"k")+COUNTIF(E97:AI97,"s")+COUNTIF(E97:AI97,"wse"))*24+SUM(COUNTIF(E97:AI97,"Pk")+COUNTIF(E97:AI97,"Ps"))*12 -> 72 | AN97: =SUM(E97:AI97)+COUNTIF(E97:AI97,"uw")*8+COUNTIF(E97:AI97,"us")*8+COUNTIF(E97:AI97,"uz")*8 -> 0 | AO97: =COUNTIF(E97:AI97,"DT")*8 -> 0
A98: SG212 | B98: M | C98: ZAWOLIK Adam | D98: =#REF! -> #REF! | F98: PK | G98: K | H98: K | I98: PK | AH98: pk | AJ98: =C98 -> ZAWOLIK Adam | AK98: =D98+AL98+AM98+AN98-$AK$47+AO98+AP98 -> #REF! | AL98: =COUNTIF(E98:AI98,"D")*24+COUNTIF(E98:AI98,"12g")*12+COUNTIF(E98:AI98,"w")*24 -> 0 | AM98: =SUM(COUNTIF(E98:AI98,"k")+COUNTIF(E98:AI98,"s")+COUNTIF(E98:AI98,"wse"))*24+SUM(COUNTIF(E98:AI98,"Pk")+COUNTIF(E98:AI98,"Ps"))*12 -> 84 | AN98: =SUM(E98:AI98)+COUNTIF(E98:AI98,"uw")*8+COUNTIF(E98:AI98,"us")*8+COUNTIF(E98:AI98,"uz")*8 -> 0 | AO98: =COUNTIF(E98:AI98,"DT")*8 -> 0
A99: SG216 | B99: M | C99: ZIEMKOWSKI Witold | D99: =#REF! -> #REF! | P99: pk | Q99: k | R99: k | S99: k | T99: pk | AJ99: =C99 -> ZIEMKOWSKI Witold | AK99: =D99+AL99+AM99+AN99-$AK$47+AO99+AP99 -> #REF! | AL99: =COUNTIF(E99:AI99,"D")*24+COUNTIF(E99:AI99,"12g")*12+COUNTIF(E99:AI99,"w")*24 -> 0 | AM99: =SUM(COUNTIF(E99:AI99,"k")+COUNTIF(E99:AI99,"s")+COUNTIF(E99:AI99,"wse"))*24+SUM(COUNTIF(E99:AI99,"Pk")+COUNTIF(E99:AI99,"Ps"))*12 -> 96 | AN99: =SUM(E99:AI99)+COUNTIF(E99:AI99,"uw")*8+COUNTIF(E99:AI99,"us")*8+COUNTIF(E99:AI99,"uz")*8 -> 0 | AO99: =COUNTIF(E99:AI99,"DT")*8 -> 0
A100: SG216 | B100: D | C100: ZWOLIŃSKI Krzysztof | D100: =#REF! -> #REF! | E100: k | F100: pk | I100: uw | J100: - | K100: - | L100: uw | M100: uw | N100: uw | O100: uw | P100: uw | Q100: - | R100: - | S100: uw | T100: uw | U100: uw | V100: uw | AB100: uw | AC100: uw | AD100: uw | AE100: - | AF100: - | AG100: uw | AH100: uw | AJ100: =C100 -> ZWOLIŃSKI Krzysztof | AK100: =D100+AL100+AM100+AN100-$AK$47+AO100+AP100 -> #REF! | AL100: =COUNTIF(E100:AI100,"D")*24+COUNTIF(E100:AI100,"12g")*12+COUNTIF(E100:AI100,"w")*24 -> 0 | AM100: =SUM(COUNTIF(E100:AI100,"k")+COUNTIF(E100:AI100,"s")+COUNTIF(E100:AI100,"wse"))*24+SUM(COUNTIF(E100:AI100,"Pk")+COUNTIF(E100:AI100,"Ps"))*12 -> 36 | AN100: =SUM(E100:AI100)+COUNTIF(E100:AI100,"uw")*8+COUNTIF(E100:AI100,"us")*8+COUNTIF(E100:AI100,"uz")*8 -> 120 | AO100: =COUNTIF(E100:AI100,"DT")*8 -> 0
C102: SŁUŻBA Ś-CIE
C103: SŁUŻBA K-G
C104: DYŻUR Ś-CIE
C105: DYŻUR K-G
C107: DYŻUR Ś-CIE
C112: DYŻUR K-G

Sheet Swiadectwa
A1: Id | B1: Marynarze | C1: Stanowiska | D1: Jednostka
A2: 1 | B2: F-sz 001 | C2: Mar. pokładowy | D2: KAT II
A3: 1 | B3: F-sz 001 | C3: ZD pokład pokład. | D3: KAT II
A4: 1 | B4: F-sz 001 | C4: Dowódca | D4: KAT II
A5: 1 | B5: F-sz 001 | C5: Dowódca | D5: KAT III
A6: 1 | B6: F-sz 001 | C6: Dowódca | D6: KAT IV
A7: 2 | B7: F-sz 002 | C7: Mar. pokładowy | D7: KAT IV
A8: 2 | B8: F-sz 002 | C8: Motorzysta | D8: KAT IV
A9: 2 | B9: F-sz 002 | C9: Mar. pokładowy | D9: KAT II
A10: 2 | B10: F-sz 002 | C10: Mar. pokładowy | D10: KAT III
A11: 2 | B11: F-sz 002 | C11: Artylerzysta | D11: KAT III
A12: 2 | B12: F-sz 002 | C12: Dowódca | D12: KAT IV
A13: 3 | B13: F-sz 003 | C13: Mar. pokładowy | D13: KAT II
... A157: 31 | B157: F-sz 031 | C157: Elektryk | D157: KAT III
A367: Anulowany
A381: 21.03.19r.
A397: Anulowany
A423: 21.03.19r.

Sheet Jednostki
A1: KAT II | B1: KAT III | C1: KAT IV
A2: SG212 | B2: SG112 | C2: SG006
A3: SG214 | C3: SG007
C4: SG046
C5: SG068
C6: SG070

Sheet Zalogi
A1: KAT II | B1: KAT III | C1: KAT IV
A2: Dowódca | B2: Dowódca | C2: Dowódca
A3: Zastępca dowódcy | B3: Zastępca dowódcy | C3: Bosman
A4: Mechanik | B4: Mechanik | C4: Motorzysta
A5: Marynarz pokładowy | B5: Elektryk | C5: Marynarz pokładowy
B6: Marynarz pokładowy
B7: Artylerzysta

Sheet Zasoby
B1: FUNKCJONARIUSZ | C1: Listopad | D1: Grudzień | E1: Koniec roku | G1: Stopień
A2: 1 | B2: F-sz 001 | C2: =LISTOPAD!AK2 -> -80.5 | D2: =GRUDZIEŃ!D2 -> -80.5 | E2: =GRUDZIEŃ!AK2 -> -132.5 | G2: chor.
A3: 2 | B3: F-sz 002 | C3: =LISTOPAD!AK3 -> -67 | D3: =GRUDZIEŃ!D3 -> -67 | E3: =GRUDZIEŃ!AK3 -> -59 | G3: bsm.
A4: 3 | B4: F-sz 003 | C4: =LISTOPAD!AK4 -> -69 | D4: =GRUDZIEŃ!D4 -> -69 | E4: =GRUDZIEŃ!AK4 -> -85 | G4: kpr.
A5: 4 | B5: F-sz 004 | C5: =LISTOPAD!AK5 -> -46 | D5: =GRUDZIEŃ!D5 -> -46 | E5: =GRUDZIEŃ!AK5 -> -50 | G5: bsm.
A6: 5 | B6: F-sz 005 | C6: =LISTOPAD!AK6 -> -29.5 | D6: =GRUDZIEŃ!D6 -> -29.5 | E6: =GRUDZIEŃ!AK6 -> -13.5 | G6: por.
A7: 6 | B7: F-sz 006 | C7: =LISTOPAD!AK7 -> -22 | D7: =GRUDZIEŃ!D7 -> -22 | E7: =GRUDZIEŃ!AK7 -> -62 | G7: chor.
A8: 7 | B8: F-sz 007 | C8: =LISTOPAD!AK8 -> 174 | D8: =GRUDZIEŃ!D8 -> 174 | E8: =GRUDZIEŃ!AK8 -> -10 | G8: chor.
A9: 8 | B9: F-sz 008 | C9: =LISTOPAD!AK9 -> -8 | D9: =GRUDZIEŃ!D9 -> -8 | E9: =GRUDZIEŃ!AK9 -> -36 | G9: kpt.
A10: 9 | B10: F-sz 009 | C10: =LISTOPAD!AK10 -> 115 | D10: =GRUDZIEŃ!D10 -> 115 | E10: =GRUDZIEŃ!AK10 -> 39 | G10: chor.
A11: 10 | B11: F-sz 010 | C11: =LISTOPAD!AK11 -> 84.5 | D11: =GRUDZIEŃ!D11 -> 84.5 | E11: =GRUDZIEŃ!AK11 -> 68.5 | G11: chor.
A12: 11 | B12: F-sz 011 | C12: =LISTOPAD!AK12 -> 122 | D12: =GRUDZIEŃ!D12 -> 122 | E12: =GRUDZIEŃ!AK12 -> -62 | G12: bsm.
A13: 12 | B13: F-sz 012 | C13: =LISTOPAD!AK13 -> 71 | D13: =GRUDZIEŃ!D13 -> 71 | E13: =GRUDZIEŃ!AK13 -> 55 | G13: chor.
... A29: 29 | B29: F-sz 028 | C29: =LISTOPAD!AK29 -> 42.5 | D29: =GRUDZIEŃ!D29 -> 42.5 | E29: =GRUDZIEŃ!AK29 -> 26.5 | G29: chor.

Sheet KAT II
B1: Dowódca | C1: Z-ca dowódcy | D1: Oficer Mechanik | E1: Mar.pokł
B2: F-sz 001 | C2: F-sz 001 | D2: F-sz 005 | E2: F-sz 001
B3: F-sz 006 | C3: F-sz 006 | D3: F-sz 010 | E3: F-sz 002
B4: F-sz 007 | C4: F-sz 007 | D4: F-sz 013 | E4: F-sz 003
B5: F-sz 009 | C5: F-sz 009 | D5: F-sz 015 | E5: F-sz 005
B6: F-sz 015 | C6: F-sz 015 | D6: F-sz 020 | E6: F-sz 006
B7: F-sz 017 | C7: F-sz 016 | D7: F-sz 028 | E7: F-sz 007
B8: F-sz 022 | C8: F-sz 017 | D8: F-sz 031 | E8: F-sz 013
B9: F-sz 024 | C9: F-sz 021 | E9: F-sz 014
B10: F-sz 026 | C10: F-sz 022 | E10: F-sz 015
C11: F-sz 023 | E11: F-sz 016
C12: F-sz 024 | E12: F-sz 017
C13: F-sz 026 | E13: F-sz 018
C14: F-sz 027 | E14: F-sz 019
C15: F-sz 029 | E15: F-sz 021
C16: F-sz 031 | E16: F-sz 023
E17: F-sz 026
E18: F-sz 028
E19: F-sz 031

Sheet KAT III
A1: Dowódca | B1: Z-do | C1: Mechanik | D1: Elektryk | E1: Mar. Pokł | F1: Artylerz
A2: F-sz 006 | B2: F-sz 006 | C2: F-sz 005 | D2: F-sz 005 | E2: F-sz 002 | F2: F-sz 002
A3: F-sz 007 | B3: F-sz 007 | C3: F-sz 010 | D3: F-sz 010 | E3: F-sz 003 | F3: F-sz 003
A4: F-sz 009 | B4: F-sz 009 | C4: F-sz 013 | D4: F-sz 013 | E4: F-sz 014 | F4: F-sz 014
A5: F-sz 017 | B5: F-sz 017 | C5: F-sz 020 | D5: F-sz 020 | E5: F-sz 018 | F5: F-sz 018
A6: F-sz 023 | B6: F-sz 021 | C6: F-sz 031 | D6: F-sz 031 | E6: F-sz 021 | F6: F-sz 021
A7: F-sz 024 | B7: F-sz 023 | D7: F-sz 004 | E7: F-sz 023 | F7: F-sz 023
A8: F-sz 029 | B8: F-sz 024 | D8: F-sz 019 | E8: F-sz 029 | F8: F-sz 029
B9: F-sz 029 | E9: F-sz 030 | F9: F-sz 030
B10: F-sz 016 | E10: F-sz 016 | F10: F-sz 016

Sheet KAT IV
B1: Dowódca | C1: Bosman | D1: Motorzysta | E1: Mar.pokł
B2: F-sz 001 | C2: F-sz 005 | D2: F-sz 005 | E2: F-sz 001
B3: F-sz 006 | C3: F-sz 010 | D3: F-sz 010 | E3: F-sz 002
B4: F-sz 007 | C4: F-sz 013 | D4: F-sz 013 | E4: F-sz 003
B5: F-sz 009 | C5: F-sz 015 | D5: F-sz 015 | E5: F-sz 005
B6: F-sz 015 | C6: F-sz 020 | D6: F-sz 020 | E6: F-sz 006
B7: F-sz 017 | C7: F-sz 028 | D7: F-sz 028 | E7: F-sz 007
B8: F-sz 022 | C8: F-sz 031 | D8: F-sz 031 | E8: F-sz 013
B9: F-sz 024 | C9: F-sz 004 | D9: F-sz 018 | E9: F-sz 014
B10: F-sz 026 | C10: F-sz 016 | D10: F-sz 019 | E10: F-sz 015
B11: F-sz 002 | E11: F-sz 016
B12: F-sz 004 | E12: F-sz 017
E13: F-sz 018
E14: F-sz 019
E15: F-sz 021
E16: F-sz 023
E17: F-sz 026
E18: F-sz 028
E19: F-sz 031

Sheet STYCZEŃ
A1: SG | B1: ETAT | D1: 44197 | E1: 44197 | F1: 44198 | G1: 44199 | H1: 44200 | I1: 44201 | J1: 44202 | K1: 44203 | L1: 44204 | M1: 44205 | N1: 44206 | O1: 44207 | P1: 44208 | Q1: 44209 | R1: 44210 | S1: 44211 | T1: 44212 | U1: 44213 | V1: 44214 | W1: 44215 | X1: 44216 | Y1: 44217 | Z1: 44218 | AA1: 44219 | AB1: 44220 | AC1: 44221 | AD1: 44222 | AE1: 44223 | AF1: 44224 | AG1: 44225 | AH1: 44226 | AI1: 44227 | AK1: =19*8 -> 152 | AL1: 43922 | AM1: Służba | AN1: Dyżur | AO1: inne | AP1: DT | AQ1: zwolnienia
A2: SG212 | B2: D | C2: BORZĘCKI Tomasz | D2: =#REF! -> #REF! | I2: d | J2: - | L2: d | M2: - | AD2: 4 | AJ2: =_xlfn.CONCAT(#REF!,Tabela13[[#This Row],[FUNKCJONARIUSZ]]) -> #REF! | AK2: =AM2+AN2+AO2-$AK$1+AP2+AQ2 -> -100 | AL2: =MARZEC!AK2 -> #REF! | AM2: =COUNTIF(E2:AI2,"D")*24+COUNTIF(E2:AI2,"12g")*12 -> 48 | AN2: =SUM(COUNTIF(E2:AI2,"k")+COUNTIF(E2:AI2,"s")+COUNTIF(E2:AI2,"wse"))*24+SUM(COUNTIF(E2:AI2,"Pk")+COUNTIF(E2:AI2,"Ps"))*12 -> 0 | AO2: =SUM(E2:AI2)+COUNTIF(E2:AI2,"uw")*8+COUNTIF(E2:AI2,"us")*8+COUNTIF(E2:AI2,"uz")*8 -> 4 | AP2: =COUNTIF(E2:AI2,"DT")*8 -> 0 | AQ2: 0
A3: SG068 | B3: MP | C3: BUKOWSKI Bartosz | D3: =#REF! -> #REF! | O3: 17 | P3: s | Q3: s | R3: s | S3: s | T3: s | U3: s | V3: 12 | W3: - | X3: - | Y3: - | Z3: - | AA3: - | AB3: - | AC3: - | AJ3: =_xlfn.CONCAT(#REF!,Tabela13[[#This Row],[FUNKCJONARIUSZ]]) -> #REF! | AK3: =AM3+AN3+AO3-$AK$1+AP3+AQ3 -> 21 | AL3: =MARZEC!AK3 -> #REF! | AM3: =COUNTIF(E3:AI3,"D")*24+COUNTIF(E3:AI3,"12g")*12 -> 0 | AN3: =SUM(COUNTIF(E3:AI3,"k")+COUNTIF(E3:AI3,"s")+COUNTIF(E3:AI3,"wse"))*24+SUM(COUNTIF(E3:AI3,"Pk")+COUNTIF(E3:AI3,"Ps"))*12 -> 144 | AO3: =SUM(E3:AI3)+COUNTIF(E3:AI3,"uw")*8+COUNTIF(E3:AI3,"us")*8+COUNTIF(E3:AI3,"uz")*8 -> 29 | AP3: =COUNTIF(E3:AI3,"DT")*8 -> 0 | AQ3: 0
A4: SG214 | B4: MP | C4: CHYŁA Katarzyna | D4: =#REF! -> #REF! | E4: s | F4: s | G4: s | H4: ps | I4: - | J4: - | K4: - | L4: - | M4: - | N4: - | O4: - | P4: - | Q4: - | R4: - | W4: d | X4: - | Z4: d | AA4: - | AJ4: =_xlfn.CONCAT(#REF!,Tabela13[[#This Row],[FUNKCJONARIUSZ]]) -> #REF! | AK4: =AM4+AN4+AO4-$AK$1+AP4+AQ4 -> -20 | AL4: =MARZEC!AK4 -> #REF! | AM4: =COUNTIF(E4:AI4,"D")*24+COUNTIF(E4:AI4,"12g")*12 -> 48 | AN4: =SUM(COUNTIF(E4:AI4,"k")+COUNTIF(E4:AI4,"s")+COUNTIF(E4:AI4,"wse"))*24+SUM(COUNTIF(E4:AI4,"Pk")+COUNTIF(E4:AI4,"Ps"))*12 -> 84 | AO4: =SUM(E4:AI4)+COUNTIF(E4:AI4,"uw")*8+COUNTIF(E4:AI4,"us")*8+COUNTIF(E4:AI4,"uz")*8 -> 0 | AP4: =COUNTIF(E4:AI4,"DT")*8 -> 0 | AQ4: 0
A5: SG068 | B5: MP | C5: DRGAS Kamil | D5: =#REF! -> #REF! | G5: d | H5: - | M5: D | N5: - | T5: D | U5: - | X5: d | Y5: - | AA5: D | AB5: - | AE5: 5 | AJ5: =_xlfn.CONCAT(#REF!,Tabela13[[#This Row],[FUNKCJONARIUSZ]]) -> #REF! | AK5: =AM5+AN5+AO5-$AK$1+AP5+AQ5 -> -27 | AL5: =MARZEC!AK5 -> #REF! | AM5: =COUNTIF(E5:AI5,"D")*24+COUNTIF(E5:AI5,"12g")*12 -> 120 | AN5: =SUM(COUNTIF(E5:AI5,"k")+COUNTIF(E5:AI5,"s")+COUNTIF(E5:AI5,"wse"))*24+SUM(COUNTIF(E5:AI5,"Pk")+COUNTIF(E5:AI5,"Ps"))*12 -> 0 | AO5: =SUM(E5:AI5)+COUNTIF(E5:AI5,"uw")*8+COUNTIF(E5:AI5,"us")*8+COUNTIF(E5:AI5,"uz")*8 -> 5 | AP5: =COUNTIF(E5:AI5,"DT")*8 -> 0 | AQ5: 0 | AR5: D | AS5: służba | AT5: 24
A6: SG214 | B6: M | C6: GĄSIEWSKI Dariusz | D6: =#REF! -> #REF! | E6: s | F6: s | G6: s | H6: 10 | I6: - | J6: - | K6: - | L6: - | M6: - | N6: - | O6: - | W6: 6 | X6: 5 | AC6: 16 | AD6: s | AE6: s | AF6: s | AG6: s | AH6: s | AI6: s | AJ6: =_xlfn.CONCAT(#REF!,Tabela13[[#This Row],[FUNKCJONARIUSZ]]) -> #REF! | AK6: =AM6+AN6+AO6-$AK$1+AP6+AQ6 -> 101 | AL6: =MARZEC!AK6 -> #REF! | AM6: =COUNTIF(E6:AI6,"D")*24+COUNTIF(E6:AI6,"12g")*12 -> 0 | AN6: =SUM(COUNTIF(E6:AI6,"k")+COUNTIF(E6:AI6,"s")+COUNTIF(E6:AI6,"wse"))*24+SUM(COUNTIF(E6:AI6,"Pk")+COUNTIF(E6:AI6,"Ps"))*12 -> 216 | AO6: =SUM(E6:AI6)+COUNTIF(E6:AI6,"uw")*8+COUNTIF(E6:AI6,"us")*8+COUNTIF(E6:AI6,"uz")*8 -> 37 | AP6: =COUNTIF(E6:AI6,"DT")*8 -> 0 | AQ6: 0 | AR6: 12g | AS6: służba gazowiec | AT6: 12
A7: SG214 | B7: D | C7: GRZESIAK Sebastian | D7: =#REF! -> #REF! | O7: 10 | P7: s | Q7: s | R7: s | S7: s | T7: s | U7: s | V7: 11 | W7: - | X7: - | Y7: 8 | Z7: 8 | AA7: - | AB7: - | AC7: - | AJ7: =_xlfn.CONCAT(#REF!,Tabela13[[#This Row],[FUNKCJONARIUSZ]]) -> #REF! | AK7: =AM7+AN7+AO7-$AK$1+AP7+AQ7 -> 29 | AL7: =MARZEC!AK7 -> #REF! | AM7: =COUNTIF(E7:AI7,"D")*24+COUNTIF(E7:AI7,"12g")*12 -> 0 | AN7: =SUM(COUNTIF(E7:AI7,"k")+COUNTIF(E7:AI7,"s")+COUNTIF(E7:AI7,"wse"))*24+SUM(COUNTIF(E7:AI7,"Pk")+COUNTIF(E7:AI7,"Ps"))*12 -> 144 | AO7: =SUM(E7:AI7)+COUNTIF(E7:AI7,"uw")*8+COUNTIF(E7:AI7,"us")*8+COUNTIF(E7:AI7,"uz")*8 -> 37 | AP7: =COUNTIF(E7:AI7,"DT")*8 -> 0 | AQ7: 0 | AR7: ps | AS7: 1/2 dyżuru | AT7: 12
A8: SG214 | B8: D | C8: JAKIMIAK Marcin | D8: =#REF! -> #REF! | H8: 16 | I8: s | J8: s | K8: s | L8: s | M8: s | N8: s | O8: 15 | P8: - | Q8: - | R8: - | S8: - | T8: - | U8: - | V8: - | AD8: 5 | AJ8: =_xlfn.CONCAT(#REF!,Tabela13[[#This Row],[FUNKCJONARIUSZ]]) -> #REF! | AK8: =AM8+AN8+AO8-$AK$1+AP8+AQ8 -> 28 | AL8: =MARZEC!AK8 -> #REF! | AM8: =COUNTIF(E8:AI8,"D")*24+COUNTIF(E8:AI8,"12g")*12 -> 0 | AN8: =SUM(COUNTIF(E8:AI8,"k")+COUNTIF(E8:AI8,"s")+COUNTIF(E8:AI8,"wse"))*24+SUM(COUNTIF(E8:AI8,"Pk")+COUNTIF(E8:AI8,"Ps"))*12 -> 144 | AO8: =SUM(E8:AI8)+COUNTIF(E8:AI8,"uw")*8+COUNTIF(E8:AI8,"us")*8+COUNTIF(E8:AI8,"uz")*8 -> 36 | AP8: =COUNTIF(E8:AI8,"DT")*8 -> 0 | AQ8: 0 | AR8: s | AS8: dyżur Ś-cie | AT8: 24
A9: SG214 | B9: D | C9: KALITA Mariusz | D9: =#REF! -> #REF! | E9: - | F9: - | G9: - | H9: - | O9: us | P9: us | Q9: us | R9: us | S9: us | W9: 5 | AC9: 17 | AD9: s | AE9: s | AF9: s | AG9: s | AH9: s | AI9: s | AJ9: =_xlfn.CONCAT(#REF!,Tabela13[[#This Row],[FUNKCJONARIUSZ]]) -> #REF! | AK9: =AM9+AN9+AO9-$AK$1+AP9+AQ9 -> 54 | AL9: =MARZEC!AK9 -> #REF! | AM9: =COUNTIF(E9:AI9,"D")*24+COUNTIF(E9:AI9,"12g")*12 -> 0 | AN9: =SUM(COUNTIF(E9:AI9,"k")+COUNTIF(E9:AI9,"s")+COUNTIF(E9:AI9,"wse"))*24+SUM(COUNTIF(E9:AI9,"Pk")+COUNTIF(E9:AI9,"Ps"))*12 -> 144 | AO9: =SUM(E9:AI9)+COUNTIF(E9:AI9,"uw")*8+COUNTIF(E9:AI9,"us")*8+COUNTIF(E9:AI9,"uz")*8 -> 62 | AP9: =COUNTIF(E9:AI9,"DT")*8 -> 0 | AQ9: 0 | AR9: us | AS9: urlop staż | AT9: 8
A10: SG212 | B10: M | C10: ŁUKACZ Sławomir | D10: =#REF! -> #REF! | H10: us | I10: us | J10: - | K10: us | L10: us | M10: - | N10: - | O10: us | P10: us | Q10: us | R10: us | S10: us | V10: 17 | W10: s | X10: s | Y10: s | Z10: s | AA10: s | AB10: s | AC10: 11 | AD10: - | AE10: - | AF10: - | AG10: - | AH10: - | AI10: - | AJ10: =_xlfn.CONCAT(#REF!,Tabela13[[#This Row],[FUNKCJONARIUSZ]]) -> #REF! | AK10: =AM10+AN10+AO10-$AK$1+AP10+AQ10 -> 92 | AL10: =MARZEC!AK10 -> #REF! | AM10: =COUNTIF(E10:AI10,"D")*24+COUNTIF(E10:AI10,"12g")*12 -> 0 | AN10: =SUM(COUNTIF(E10:AI10,"k")+COUNTIF(E10:AI10,"s")+COUNTIF(E10:AI10,"wse"))*24+SUM(COUNTIF(E10:AI10,"Pk")+COUNTIF(E10:AI10,"Ps"))*12 -> 144 | AO10: =SUM(E10:AI10)+COUNTIF(E10:AI10,"uw")*8+COUNTIF(E10:AI10,"us")*8+COUNTIF(E10:AI10,"uz")*8 -> 100 | AP10: =COUNTIF(E10:AI10,"DT")*8 -> 0 | AQ10: 0 | AR10: uw | AS10: urlop wypoczynkowy | AT10: 8
A11: SG212 | B11: M | C11: MIZGIER Bartosz | D11: =#REF! -> #REF! | E11: - | F11: - | G11: - | H11: - | U11: D | V11: - | Y11: 4.5 | AD11: d | AE11: - | AJ11: =_xlfn.CONCAT(#REF!,Tabela13[[#This Row],[FUNKCJONARIUSZ]]) -> #REF! | AK11: =AM11+AN11+AO11-$AK$1+AP11+AQ11 -> -99.5 | AL11: =MARZEC!AK11 -> #REF! | AM11: =COUNTIF(E11:AI11,"D")*24+COUNTIF(E11:AI11,"12g")*12 -> 48 | AN11: =SUM(COUNTIF(E11:AI11,"k")+COUNTIF(E11:AI11,"s")+COUNTIF(E11:AI11,"wse"))*24+SUM(COUNTIF(E11:AI11,"Pk")+COUNTIF(E11:AI11,"Ps"))*12 -> 0 | AO11: =SUM(E11:AI11)+COUNTIF(E11:AI11,"uw")*8+COUNTIF(E11:AI11,"us")*8+COUNTIF(E11:AI11,"uz")*8 -> 4.5 | AP11: =COUNTIF(E11:AI11,"DT")*8 -> 0 | AQ11: 0 | AR11: uz | AS11: urlop zaległy | AT11: 8
A12: SG070 | B12: MP | C12: MŁYŃSKI Błażej | D12: =#REF! -> #REF! | E12: - | F12: - | G12: - | H12: - | P12: d | Q12: - | S12: d | T12: - | AJ12: =_xlfn.CONCAT(#REF!,Tabela13[[#This Row],[FUNKCJONARIUSZ]]) -> #REF! | AK12: =AM12+AN12+AO12-$AK$1+AP12+AQ12 -> -104 | AL12: =MARZEC!AK12 -> #REF! | AM12: =COUNTIF(E12:AI12,"D")*24+COUNTIF(E12:AI12,"12g")*12 -> 48 | AN12: =SUM(COUNTIF(E12:AI12,"k")+COUNTIF(E12:AI12,"s")+COUNTIF(E12:AI12,"wse"))*24+SUM(COUNTIF(E12:AI12,"Pk")+COUNTIF(E12:AI12,"Ps"))*12 -> 0 | AO12: =SUM(E12:AI12)+COUNTIF(E12:AI12,"uw")*8+COUNTIF(E12:AI12,"us")*8+COUNTIF(E12:AI12,"uz")*8 -> 0 | AP12: =COUNTIF(E12:AI12,"DT")*8 -> 0 | AQ12: 0 | AR12: pk | AS12: 1/2 dyżuru | AT12: 12
A13: SG212 | B13: ZD | C13: MOSKALONEK Hubert | D13: =#REF! -> #REF! | L13: - | M13: - | N13: - | V13: 17 | W13: s | X13: s | Y13: s | Z13: s | AA13: s | AB13: s | AC13: 11 | AD13: - | AE13: - | AF13: - | AG13: - | AH13: - | AI13: - | AJ13: =_xlfn.CONCAT(#REF!,Tabela13[[#This Row],[FUNKCJONARIUSZ]]) -> #REF! | AK13: =AM13+AN13+AO13-$AK$1+AP13+AQ13 -> 20 | AL13: =MARZEC!AK13 -> #REF! | AM13: =COUNTIF(E13:AI13,"D")*24+COUNTIF(E13:AI13,"12g")*12 -> 0 | AN13: =SUM(COUNTIF(E13:AI13,"k")+COUNTIF(E13:AI13,"s")+COUNTIF(E13:AI13,"wse"))*24+SUM(COUNTIF(E13:AI13,"Pk")+COUNTIF(E13:AI13,"Ps"))*12 -> 144 | AO13: =SUM(E13:AI13)+COUNTIF(E13:AI13,"uw")*8+COUNTIF(E13:AI13,"us")*8+COUNTIF(E13:AI13,"uz")*8 -> 28 | AP13: =COUNTIF(E13:AI13,"DT")*8 -> 0 | AQ13: 0 | AR13: k | AS13: dyżur K-g | AT13: 24
A14: SG070 | B14: D | C14: NOWICKI Radosław | D14: =#REF! -> #REF! | H14: uz | J14: D | K14: - | Z14: 12g | AD14: 5 | AE14: d | AH14: d | AJ14: =_xlfn.CONCAT(#REF!,Tabela13[[#This Row],[FUNKCJONARIUSZ]]) -> #REF! | AK14: =AM14+AN14+AO14-$AK$1+AP14+AQ14 -> -55 | AL14: =MARZEC!AK14 -> #REF! | AM14: =COUNTIF(E14:AI14,"D")*24+COUNTIF(E14:AI14,"12g")*12 -> 84 | AN14: =SUM(COUNTIF(E14:AI14,"k")+COUNTIF(E14:AI14,"s")+COUNTIF(E14:AI14,"wse"))*24+SUM(COUNTIF(E14:AI14,"Pk")+COUNTIF(E14:AI14,"Ps"))*12 -> 0 | AO14: =SUM(E14:AI14)+COUNTIF(E14:AI14,"uw")*8+COUNTIF(E14:AI14,"us")*8+COUNTIF(E14:AI14,"uz")*8 -> 13 | AP14: =COUNTIF(E14:AI14,"DT")*8 -> 0 | AQ14: 0 | AR14: wse | AS14: WSE | AT14: 24
A15: SG212 | B15: ZD | C15: PALUCH Łukasz | D15: =#REF! -> #REF! | W15: L4 | X15: L4 | Y15: L4 | Z15: L4 | AA15: - | AB15: - | AC15: L4 | AD15: L4 | AE15: L4 | AF15: L4 | AG15: L4 | AH15: - | AI15: - | AJ15: =_xlfn.CONCAT(#REF!,Tabela13[[#This Row],[FUNKCJONARIUSZ]]) -> #REF! | AK15: =AM15+AN15+AO15-$AK$1+AP15+AQ15 -> -104 | AL15: =MARZEC!AK15 -> -95 | AM15: =COUNTIF(E15:AI15,"D")*24+COUNTIF(E15:AI15,"12g")*12 -> 0 | AN15: =SUM(COUNTIF(E15:AI15,"k")+COUNTIF(E15:AI15,"s")+COUNTIF(E15:AI15,"wse"))*24+SUM(COUNTIF(E15:AI15,"Pk")+COUNTIF(E15:AI15,"Ps"))*12 -> 0 | AO15: =SUM(E15:AI15)+COUNTIF(E15:AI15,"uw")*8+COUNTIF(E15:AI15,"us")*8+COUNTIF(E15:AI15,"uz")*8 -> 0 | AP15: =COUNTIF(E15:AI15,"DT")*8 -> 0 | AQ15: =2*24 -> 48 | AR15: l4 | AS15: Zwolnienia lekarskie | AT15: ?
A16: SG070 | B16: MP | C16: PRYCA Adam | D16: =#REF! -> #REF! | AC16: 17 | AD16: s | AE16: s | AF16: s | AG16: s | AH16: s | AI16: s | AJ16: =_xlfn.CONCAT(#REF!,Tabela13[[#This Row],[FUNKCJONARIUSZ]]) -> #REF! | AK16: =AM16+AN16+AO16-$AK$1+AP16+AQ16 -> 9 | AL16: =MARZEC!AK16 -> #REF! | AM16: =COUNTIF(E16:AI16,"D")*24+COUNTIF(E16:AI16,"12g")*12 -> 0 | AN16: =SUM(COUNTIF(E16:AI16,"k")+COUNTIF(E16:AI16,"s")+COUNTIF(E16:AI16,"wse"))*24+SUM(COUNTIF(E16:AI16,"Pk")+COUNTIF(E16:AI16,"Ps"))*12 -> 144 | AO16: =SUM(E16:AI16)+COUNTIF(E16:AI16,"uw")*8+COUNTIF(E16:AI16,"us")*8+COUNTIF(E16:AI16,"uz")*8 -> 17 | AP16: =COUNTIF(E16:AI16,"DT")*8 -> 0 | AQ16: 0
A17: SG212 | B17: MP | C17: ROZMYTAŃSKA - PEŁECH Olga | D17: =#REF! -> #REF! | E17: D | F17: - | O17: - | P17: - | V17: 17 | W17: s | X17: s | Y17: s | Z17: s | AA17: s | AB17: s | AC17: 11 | AD17: - | AE17: - | AF17: - | AG17: - | AH17: - | AI17: - | AJ17: =_xlfn.CONCAT(#REF!,Tabela13[[#This Row],[FUNKCJONARIUSZ]]) -> #REF! | AK17: =AM17+AN17+AO17-$AK$1+AP17+AQ17 -> 44 | AL17: =MARZEC!AK17 -> #REF! | AM17: =COUNTIF(E17:AI17,"D")*24+COUNTIF(E17:AI17,"12g")*12 -> 24 | AN17: =SUM(COUNTIF(E17:AI17,"k")+COUNTIF(E17:AI17,"s")+COUNTIF(E17:AI17,"wse"))*24+SUM(COUNTIF(E17:AI17,"Pk")+COUNTIF(E17:AI17,"Ps"))*12 -> 144 | AO17: =SUM(E17:AI17)+COUNTIF(E17:AI17,"uw")*8+COUNTIF(E17:AI17,"us")*8+COUNTIF(E17:AI17,"uz")*8 -> 28 | AP17: =COUNTIF(E17:AI17,"DT")*8 -> 0 | AQ17: 0
A18: SG007 | B18: MP | C18: SAJDAK Patryk | D18: =#REF! -> #REF! | F18: D | G18: - | K18: 12g | V18: d | X18: 5 | AF18: d | AI18: 16 | AJ18: =_xlfn.CONCAT(#REF!,Tabela13[[#This Row],[FUNKCJONARIUSZ]]) -> #REF! | AK18: =AM18+AN18+AO18-$AK$1+AP18+AQ18 -> -47 | AL18: =MARZEC!AK18 -> #REF! | AM18: =COUNTIF(E18:AI18,"D")*24+COUNTIF(E18:AI18,"12g")*12 -> 84 | AN18: =SUM(COUNTIF(E18:AI18,"k")+COUNTIF(E18:AI18,"s")+COUNTIF(E18:AI18,"wse"))*24+SUM(COUNTIF(E18:AI18,"Pk")+COUNTIF(E18:AI18,"Ps"))*12 -> 0 | AO18: =SUM(E18:AI18)+COUNTIF(E18:AI18,"uw")*8+COUNTIF(E18:AI18,"us")*8+COUNTIF(E18:AI18,"uz")*8 -> 21 | AP18: =COUNTIF(E18:AI18,"DT")*8 -> 0 | AQ18: 0
A19: SG214 | B19: M | C19: SPRUTTA Radosław | D19: =#REF! -> #REF! | H19: 16 | I19: s | J19: s | K19: s | L19: s | M19: s | N19: s | O19: 11 | P19: - | Q19: - | R19: - | S19: - | T19: - | U19: - | W19: 6 | X19: 5 | Y19: 14 | Z19: 14 | AC19: 3 | AJ19: =_xlfn.CONCAT(#REF!,Tabela13[[#This Row],[FUNKCJONARIUSZ]]) -> #REF! | AK19: =AM19+AN19+AO19-$AK$1+AP19+AQ19 -> 61 | AL19: =MARZEC!AK19 -> #REF! | AM19: =COUNTIF(E19:AI19,"D")*24+COUNTIF(E19:AI19,"12g")*12 -> 0 | AN19: =SUM(COUNTIF(E19:AI19,"k")+COUNTIF(E19:AI19,"s")+COUNTIF(E19:AI19,"wse"))*24+SUM(COUNTIF(E19:AI19,"Pk")+COUNTIF(E19:AI19,"Ps"))*12 -> 144 | AO19: =SUM(E19:AI19)+COUNTIF(E19:AI19,"uw")*8+COUNTIF(E19:AI19,"us")*8+COUNTIF(E19:AI19,"uz")*8 -> 69 | AP19: =COUNTIF(E19:AI19,"DT")*8 -> 0 | AQ19: 0
A20: SG070 | B20: D | C20: STRANC Andrzej | D20: =#REF! -> #REF! | O20: 17 | P20: s | Q20: s | R20: s | S20: s | T20: s | U20: s | V20: 11 | W20: uw | X20: uw | Y20: uw | Z20: uw | AA20: - | AB20: - | AC20: uw | AD20: uw | AE20: uw | AF20: uw | AG20: uw | AH20: - | AI20: - | AJ20: =_xlfn.CONCAT(#REF!,Tabela13[[#This Row],[FUNKCJONARIUSZ]]) -> #REF! | AK20: =AM20+AN20+AO20-$AK$1+AP20+AQ20 -> 92 | AL20: =MARZEC!AK20 -> #REF! | AM20: =COUNTIF(E20:AI20,"D")*24+COUNTIF(E20:AI20,"12g")*12 -> 0 | AN20: =SUM(COUNTIF(E20:AI20,"k")+COUNTIF(E20:AI20,"s")+COUNTIF(E20:AI20,"wse"))*24+SUM(COUNTIF(E20:AI20,"Pk")+COUNTIF(E20:AI20,"Ps"))*12 -> 144 | AO20: =SUM(E20:AI20)+COUNTIF(E20:AI20,"uw")*8+COUNTIF(E20:AI20,"us")*8+COUNTIF(E20:AI20,"uz")*8 -> 100 | AP20: =COUNTIF(E20:AI20,"DT")*8 -> 0 | AQ20: 0
A21: SG212 | B21: D | C21: SZCZEPANIAK Zbigniew | D21: =#REF! -> #REF! | V21: 17 | W21: s | X21: s | Y21: s | Z21: s | AA21: s | AB21: s | AC21: 11 | AD21: - | AE21: - | AF21: - | AG21: - | AH21: - | AI21: - | AJ21: =_xlfn.CONCAT(#REF!,Tabela13[[#This Row],[FUNKCJONARIUSZ]]) -> #REF! | AK21: =AM21+AN21+AO21-$AK$1+AP21+AQ21 -> 20 | AL21: =MARZEC!AK21 -> #REF! | AM21: =COUNTIF(E21:AI21,"D")*24+COUNTIF(E21:AI21,"12g")*12 -> 0 | AN21: =SUM(COUNTIF(E21:AI21,"k")+COUNTIF(E21:AI21,"s")+COUNTIF(E21:AI21,"wse"))*24+SUM(COUNTIF(E21:AI21,"Pk")+COUNTIF(E21:AI21,"Ps"))*12 -> 144 | AO21: =SUM(E21:AI21)+COUNTIF(E21:AI21,"uw")*8+COUNTIF(E21:AI21,"us")*8+COUNTIF(E21:AI21,"uz")*8 -> 28 | AP21: =COUNTIF(E21:AI21,"DT")*8 -> 0 | AQ21: 0
A22: SG068 | B22: D | C22: SZNAJDER Wiktor | D22: =#REF! -> #REF! | H22: uz | I22: uz | K22: 6 | O22: D | P22: - | Y22: d | Z22: - | AC22: - | AJ22: =_xlfn.CONCAT(#REF!,Tabela13[[#This Row],[FUNKCJONARIUSZ]]) -> #REF! | AK22: =AM22+AN22+AO22-$AK$1+AP22+AQ22 -> -82 | AL22: =MARZEC!AK22 -> #REF! | AM22: =COUNTIF(E22:AI22,"D")*24+COUNTIF(E22:AI22,"12g")*12 -> 48 | AN22: =SUM(COUNTIF(E22:AI22,"k")+COUNTIF(E22:AI22,"s")+COUNTIF(E22:AI22,"wse"))*24+SUM(COUNTIF(E22:AI22,"Pk")+COUNTIF(E22:AI22,"Ps"))*12 -> 0 | AO22: =SUM(E22:AI22)+COUNTIF(E22:AI22,"uw")*8+COUNTIF(E22:AI22,"us")*8+COUNTIF(E22:AI22,"uz")*8 -> 22 | AP22: =COUNTIF(E22:AI22,"DT")*8 -> 0 | AQ22: 0
A23: SG214 | B23: ZD | C23: SZYMAŃSKI Tomasz Paweł | D23: =#REF! -> #REF! | E23: s | F23: s | G23: s | H23: 13 | I23: - | J23: - | K23: - | L23: - | M23: - | N23: - | O23: - | V23: uz | W23: uz | X23: uz | Y23: uz | Z23: uz | AA23: - | AB23: - | AC23: uz | AD23: uz | AE23: uz | AF23: uz | AJ23: =_xlfn.CONCAT(#REF!,Tabela13[[#This Row],[FUNKCJONARIUSZ]]) -> #REF! | AK23: =AM23+AN23+AO23-$AK$1+AP23+AQ23 -> 5 | AL23: =MARZEC!AK23 -> #REF! | AM23: =COUNTIF(E23:AI23,"D")*24+COUNTIF(E23:AI23,"12g")*12 -> 0 | AN23: =SUM(COUNTIF(E23:AI23,"k")+COUNTIF(E23:AI23,"s")+COUNTIF(E23:AI23,"wse"))*24+SUM(COUNTIF(E23:AI23,"Pk")+COUNTIF(E23:AI23,"Ps"))*12 -> 72 | AO23: =SUM(E23:AI23)+COUNTIF(E23:AI23,"uw")*8+COUNTIF(E23:AI23,"us")*8+COUNTIF(E23:AI23,"uz")*8 -> 85 | AP23: =COUNTIF(E23:AI23,"DT")*8 -> 0 | AQ23: 0
A24: SG212 | B24: D | C24: ŚWIREPO Piotr | D24: =#REF! -> #REF! | N24: d | O24: 1 | AC24: us | AD24: us | AE24: us | AF24: us | AG24: us | AJ24: =_xlfn.CONCAT(#REF!,Tabela13[[#This Row],[FUNKCJONARIUSZ]]) -> #REF! | AK24: =AM24+AN24+AO24-$AK$1+AP24+AQ24 -> -87 | AL24: =MARZEC!AK24 -> #REF! | AM24: =COUNTIF(E24:AI24,"D")*24+COUNTIF(E24:AI24,"12g")*12 -> 24 | AN24: =SUM(COUNTIF(E24:AI24,"k")+COUNTIF(E24:AI24,"s")+COUNTIF(E24:AI24,"wse"))*24+SUM(COUNTIF(E24:AI24,"Pk")+COUNTIF(E24:AI24,"Ps"))*12 -> 0 | AO24: =SUM(E24:AI24)+COUNTIF(E24:AI24,"uw")*8+COUNTIF(E24:AI24,"us")*8+COUNTIF(E24:AI24,"uz")*8 -> 41 | AP24: =COUNTIF(E24:AI24,"DT")*8 -> 0 | AQ24: 0
A25: SG068 | B25: MP | C25: WALCZAK Oskar | D25: =#REF! -> #REF! | E25: - | F25: - | G25: - | H25: - | I25: - | J25: - | K25: - | L25: - | M25: - | N25: - | O25: - | P25: - | Q25: - | R25: - | S25: - | T25: - | U25: - | V25: - | W25: - | X25: - | Y25: - | Z25: - | AA25: - | AB25: - | AC25: - | AD25: - | AE25: - | AF25: - | AG25: - | AH25: - | AI25: - | AJ25: =_xlfn.CONCAT(#REF!,Tabela13[[#This Row],[FUNKCJONARIUSZ]]) -> #REF! | AK25: =AM25+AN25+AO25-$AK$1+AP25+AQ25 -> -152 | AL25: =MARZEC!AK25 -> #REF! | AM25: =COUNTIF(E25:AI25,"D")*24+COUNTIF(E25:AI25,"12g")*12 -> 0 | AN25: =SUM(COUNTIF(E25:AI25,"k")+COUNTIF(E25:AI25,"s")+COUNTIF(E25:AI25,"wse"))*24+SUM(COUNTIF(E25:AI25,"Pk")+COUNTIF(E25:AI25,"Ps"))*12 -> 0 | AO25: =SUM(E25:AI25)+COUNTIF(E25:AI25,"uw")*8+COUNTIF(E25:AI25,"us")*8+COUNTIF(E25:AI25,"uz")*8 -> 0 | AP25: =COUNTIF(E25:AI25,"DT")*8 -> 0 | AQ25: 0
A26: SG214 | B26: ZD | C26: WALKOWIAK Wojciech | D26: =#REF! -> #REF! | E26: - | F26: - | G26: - | H26: - | L26: 12g | Q26: d | R26: - | AC26: 17 | AD26: s | AE26: s | AF26: s | AG26: s | AH26: s | AI26: s | AJ26: =_xlfn.CONCAT(#REF!,Tabela13[[#This Row],[FUNKCJONARIUSZ]]) -> #REF! | AK26: =AM26+AN26+AO26-$AK$1+AP26+AQ26 -> 45 | AL26: =MARZEC!AK26 -> #REF! | AM26: =COUNTIF(E26:AI26,"D")*24+COUNTIF(E26:AI26,"12g")*12 -> 36 | AN26: =SUM(COUNTIF(E26:AI26,"k")+COUNTIF(E26:AI26,"s")+COUNTIF(E26:AI26,"wse"))*24+SUM(COUNTIF(E26:AI26,"Pk")+COUNTIF(E26:AI26,"Ps"))*12 -> 144 | AO26: =SUM(E26:AI26)+COUNTIF(E26:AI26,"uw")*8+COUNTIF(E26:AI26,"us")*8+COUNTIF(E26:AI26,"uz")*8 -> 17 | AP26: =COUNTIF(E26:AI26,"DT")*8 -> 0 | AQ26: 0
A27: SG068 | B27: D | C27: WERSZNER Piotr | D27: =#REF! -> #REF! | E27: 8 | H27: d | I27: - | K27: d | L27: - | O27: - | Q27: 8 | R27: d | S27: - | T27: - | U27: - | V27: - | W27: - | X27: 4 | Y27: 12g | AC27: d | AD27: - | AG27: d | AH27: - | AJ27: =_xlfn.CONCAT(#REF!,Tabela13[[#This Row],[FUNKCJONARIUSZ]]) -> #REF! | AK27: =AM27+AN27+AO27-$AK$1+AP27+AQ27 -> 0 | AL27: =MARZEC!AK27 -> #REF! | AM27: =COUNTIF(E27:AI27,"D")*24+COUNTIF(E27:AI27,"12g")*12 -> 132 | AN27: =SUM(COUNTIF(E27:AI27,"k")+COUNTIF(E27:AI27,"s")+COUNTIF(E27:AI27,"wse"))*24+SUM(COUNTIF(E27:AI27,"Pk")+COUNTIF(E27:AI27,"Ps"))*12 -> 0 | AO27: =SUM(E27:AI27)+COUNTIF(E27:AI27,"uw")*8+COUNTIF(E27:AI27,"us")*8+COUNTIF(E27:AI27,"uz")*8 -> 20 | AP27: =COUNTIF(E27:AI27,"DT")*8 -> 0 | AQ27: 0
A28: SG212 | B28: D | C28: WILCZEK Krzysztof | D28: =#REF! -> #REF! | E28: s | F28: s | G28: s | H28: ps | I28: us | J28: - | K28: us | L28: us | M28: - | N28: - | O28: us | AJ28: =_xlfn.CONCAT(#REF!,Tabela13[[#This Row],[FUNKCJONARIUSZ]]) -> #REF! | AK28: =AM28+AN28+AO28-$AK$1+AP28+AQ28 -> -36 | AL28: =MARZEC!AK28 -> #REF! | AM28: =COUNTIF(E28:AI28,"D")*24+COUNTIF(E28:AI28,"12g")*12 -> 0 | AN28: =SUM(COUNTIF(E28:AI28,"k")+COUNTIF(E28:AI28,"s")+COUNTIF(E28:AI28,"wse"))*24+SUM(COUNTIF(E28:AI28,"Pk")+COUNTIF(E28:AI28,"Ps"))*12 -> 84 | AO28: =SUM(E28:AI28)+COUNTIF(E28:AI28,"uw")*8+COUNTIF(E28:AI28,"us")*8+COUNTIF(E28:AI28,"uz")*8 -> 32 | AP28: =COUNTIF(E28:AI28,"DT")*8 -> 0 | AQ28: 0
A29: SG068 | B29: M | C29: WITWICKI Adrian | D29: =#REF! -> #REF! | O29: 17 | P29: s | Q29: s | R29: s | S29: s | T29: s | U29: s | V29: 11 | W29: - | X29: - | Y29: - | Z29: - | AA29: - | AB29: - | AC29: - | AJ29: =_xlfn.CONCAT(#REF!,Tabela13[[#This Row],[FUNKCJONARIUSZ]]) -> #REF! | AK29: =AM29+AN29+AO29-$AK$1+AP29+AQ29 -> 20 | AL29: =MARZEC!AK29 -> #REF! | AM29: =COUNTIF(E29:AI29,"D")*24+COUNTIF(E29:AI29,"12g")*12 -> 0 | AN29: =SUM(COUNTIF(E29:AI29,"k")+COUNTIF(E29:AI29,"s")+COUNTIF(E29:AI29,"wse"))*24+SUM(COUNTIF(E29:AI29,"Pk")+COUNTIF(E29:AI29,"Ps"))*12 -> 144 | AO29: =SUM(E29:AI29)+COUNTIF(E29:AI29,"uw")*8+COUNTIF(E29:AI29,"us")*8+COUNTIF(E29:AI29,"uz")*8 -> 28 | AP29: =COUNTIF(E29:AI29,"DT")*8 -> 0 | AQ29: 0
A30: SG212 | B30: ZD | C30: ZAJĄC Rafał | D30: =#REF! -> #REF! | H30: 17 | I30: s | J30: s | K30: s | L30: s | M30: s | N30: s | O30: 10 | P30: - | Q30: - | R30: - | S30: - | T30: - | U30: - | V30: - | AB30: d | AD30: 5 | AJ30: =_xlfn.CONCAT(#REF!,Tabela13[[#This Row],[FUNKCJONARIUSZ]]) -> #REF! | AK30: =AM30+AN30+AO30-$AK$1+AP30+AQ30 -> 48 | AL30: =MARZEC!AK30 -> #REF! | AM30: =COUNTIF(E30:AI30,"D")*24+COUNTIF(E30:AI30,"12g")*12 -> 24 | AN30: =SUM(COUNTIF(E30:AI30,"k")+COUNTIF(E30:AI30,"s")+COUNTIF(E30:AI30,"wse"))*24+SUM(COUNTIF(E30:AI30,"Pk")+COUNTIF(E30:AI30,"Ps"))*12 -> 144 | AO30: =SUM(E30:AI30)+COUNTIF(E30:AI30,"uw")*8+COUNTIF(E30:AI30,"us")*8+COUNTIF(E30:AI30,"uz")*8 -> 32 | AP30: =COUNTIF(E30:AI30,"DT")*8 -> 0 | AQ30: 0
A31: SG007 | B31: D | C31: ZATWARNICKA Joanna | D31: =#REF! -> #REF! | H31: 16 | I31: s | J31: s | K31: s | L31: s | M31: s | N31: s | O31: 11 | P31: - | Q31: - | R31: - | S31: - | T31: - | U31: - | V31: - | AJ31: =_xlfn.CONCAT(#REF!,Tabela13[[#This Row],[FUNKCJONARIUSZ]]) -> #REF! | AK31: =AM31+AN31+AO31-$AK$1+AP31+AQ31 -> 19 | AL31: =MARZEC!AK31 -> #REF! | AM31: =COUNTIF(E31:AI31,"D")*24+COUNTIF(E31:AI31,"12g")*12 -> 0 | AN31: =SUM(COUNTIF(E31:AI31,"k")+COUNTIF(E31:AI31,"s")+COUNTIF(E31:AI31,"wse"))*24+SUM(COUNTIF(E31:AI31,"Pk")+COUNTIF(E31:AI31,"Ps"))*12 -> 144 | AO31: =SUM(E31:AI31)+COUNTIF(E31:AI31,"uw")*8+COUNTIF(E31:AI31,"us")*8+COUNTIF(E31:AI31,"uz")*8 -> 27 | AP31: =COUNTIF(E31:AI31,"DT")*8 -> 0 | AQ31: 0
A32: SG212 | B32: M | C32: ZEMBRZUSKI Krzysztof | D32: =#REF! -> #REF! | H32: uz | I32: uz | J32: - | K32: uz | L32: uz | M32: - | N32: - | O32: uz | P32: uz | Q32: uz | R32: uz | S32: uz | T32: - | U32: - | V32: uz | W32: uz | X32: uz | Y32: uz | Z32: uz | AA32: - | AB32: - | AC32: uz | AD32: uz | AE32: uz | AF32: uz | AG32: uz | AH32: - | AI32: - | AJ32: =_xlfn.CONCAT(#REF!,Tabela13[[#This Row],[FUNKCJONARIUSZ]]) -> #REF! | AK32: =AM32+AN32+AO32-$AK$1+AP32+AQ32 -> 0 | AL32: =MARZEC!AK32 -> #REF! | AM32: =COUNTIF(E32:AI32,"D")*24+COUNTIF(E32:AI32,"12g")*12 -> 0 | AN32: =SUM(COUNTIF(E32:AI32,"k")+COUNTIF(E32:AI32,"s")+COUNTIF(E32:AI32,"wse"))*24+SUM(COUNTIF(E32:AI32,"Pk")+COUNTIF(E32:AI32,"Ps"))*12 -> 0 | AO32: =SUM(E32:AI32)+COUNTIF(E32:AI32,"uw")*8+COUNTIF(E32:AI32,"us")*8+COUNTIF(E32:AI32,"uz")*8 -> 152 | AP32: =COUNTIF(E32:AI32,"DT")*8 -> 0 | AQ32: 0
C33: SŁUŻBA | E33: =COUNTIF(E2:E32,"D") -> 1 | F33: =COUNTIF(F2:F32,"D") -> 1 | G33: =COUNTIF(G2:G32,"D") -> 1 | H33: =COUNTIF(H2:H32,"D") -> 1 | I33: =COUNTIF(I2:I32,"D") -> 1 | J33: =COUNTIF(J2:J32,"D") -> 1 | K33: =COUNTIF(K2:K32,"D") -> 1 | L33: =COUNTIF(L2:L32,"D") -> 1 | ... AI33: =COUNTIF(AI2:AI32,"D") -> 0
C34: SUMA
C35: SUMA
W36: SZCZEPANIAK | AD36: KALITA | AH36: KALITA
W37: MOSKALONEK | AD37: WALKOWIAK | AH37: WALKOWIAK
W38: ŁUKACZ | AD38: GĄSIEWSKI | AH38: GĄSIEWSKI
W39: ROZMYTAŃSKA | AD39: PRYCA | AH39: PRYCA
A41: SG | B41: ETAT | E41: 44197 | F41: 44198 | G41: 44199 | H41: 44200 | I41: 44201 | J41: 44202 | K41: 44203 | L41: 44204 | M41: 44205 | N41: 44206 | O41: 44207 | P41: 44208 | Q41: 44209 | R41: 44210 | S41: 44211 | T41: 44212 | U41: 44213 | V41: 44214 | W41: 44215 | X41: 44216 | Y41: 44217 | Z41: 44218 | AA41: 44219 | AB41: 44220 | AC41: 44221 | AD41: 44222 | AE41: 44223 | AF41: 44224 | AG41: 44225 | AH41: 44226 | AI41: 44227 | AK41: =19*8 -> 152 | AL41: 43922 | AM41: Służba | AN41: Dyżur | AO41: inne | AP41: DT | AQ41: zwolnienia
C42: BARAN Marek | D42: =#REF! -> #REF! | E42: d | H42: u | I42: u | J42: - | K42: u | L42: u | M42: - | N42: - | O42: u | P42: u | AJ42: =_xlfn.CONCAT(#REF!,#REF!) -> #REF! | AK42: =AM42+AN42+AO42-$AK$1+AP42+AQ42 -> -80 | AL42: =MARZEC!AK42 -> 0 | AM42: =COUNTIF(E42:AI42,"D")*24+COUNTIF(E42:AI42,"12g")*12 -> 24 | AN42: =SUM(COUNTIF(E42:AI42,"k")+COUNTIF(E42:AI42,"s")+COUNTIF(E42:AI42,"wse"))*24+SUM(COUNTIF(E42:AI42,"Pk")+COUNTIF(E42:AI42,"Ps"))*12 -> 0 | AO42: =SUM(E42:AI42)+COUNTIF(E42:AI42,"uw")*8+COUNTIF(E42:AI42,"us")*8+COUNTIF(E42:AI42,"uz")*8+COUNTIF(E42:AI42,"u")*8 -> 48 | AP42: =COUNTIF(E42:AI42,"DT")*8 -> 0
C43: BARTOSIEWICZ Tomasz | D43: =#REF! -> #REF! | AJ43: =_xlfn.CONCAT(#REF!,#REF!) -> #REF! | AK43: =AM43+AN43+AO43-$AK$1+AP43+AQ43 -> -152 | AL43: =MARZEC!AK43 -> 0 | AM43: =COUNTIF(E43:AI43,"D")*24+COUNTIF(E43:AI43,"12g")*12 -> 0 | AN43: =SUM(COUNTIF(E43:AI43,"k")+COUNTIF(E43:AI43,"s")+COUNTIF(E43:AI43,"wse"))*24+SUM(COUNTIF(E43:AI43,"Pk")+COUNTIF(E43:AI43,"Ps"))*12 -> 0 | AO43: =SUM(E43:AI43)+COUNTIF(E43:AI43,"uw")*8+COUNTIF(E43:AI43,"us")*8+COUNTIF(E43:AI43,"uz")*8+COUNTIF(E43:AI43,"u")*8 -> 0 | AP43: =COUNTIF(E43:AI43,"DT")*8 -> 0
C44: BUDZISŁAWSKI Sebastian | D44: =#REF! -> #REF! | G44: d | P44: pk | Q44: k | R44: k | S44: k | T44: k | U44: k | V44: k | W44: pk | AJ44: =_xlfn.CONCAT(#REF!,#REF!) -> #REF! | AK44: =AM44+AN44+AO44-$AK$1+AP44+AQ44 -> 40 | AL44: =MARZEC!AK44 -> 0 | AM44: =COUNTIF(E44:AI44,"D")*24+COUNTIF(E44:AI44,"12g")*12 -> 24 | AN44: =SUM(COUNTIF(E44:AI44,"k")+COUNTIF(E44:AI44,"s")+COUNTIF(E44:AI44,"wse"))*24+SUM(COUNTIF(E44:AI44,"Pk")+COUNTIF(E44:AI44,"Ps"))*12 -> 168 | AO44: =SUM(E44:AI44)+COUNTIF(E44:AI44,"uw")*8+COUNTIF(E44:AI44,"us")*8+COUNTIF(E44:AI44,"uz")*8+COUNTIF(E44:AI44,"u")*8 -> 0 | AP44: =COUNTIF(E44:AI44,"DT")*8 -> 0
C45: CHĘCIŃSKI Piotr | D45: =#REF! -> #REF! | O45: 8 | P45: d | R45: 8 | T45: d | V45: uz | Y45: d | AB45: d | AE45: 8 | AF45: d | AJ45: =_xlfn.CONCAT(#REF!,#REF!) -> #REF! | AK45: =AM45+AN45+AO45-$AK$1+AP45+AQ45 -> 0 | AL45: =MARZEC!AK45 -> 0 | AM45: =COUNTIF(E45:AI45,"D")*24+COUNTIF(E45:AI45,"12g")*12 -> 120 | AN45: =SUM(COUNTIF(E45:AI45,"k")+COUNTIF(E45:AI45,"s")+COUNTIF(E45:AI45,"wse"))*24+SUM(COUNTIF(E45:AI45,"Pk")+COUNTIF(E45:AI45,"Ps"))*12 -> 0 | AO45: =SUM(E45:AI45)+COUNTIF(E45:AI45,"uw")*8+COUNTIF(E45:AI45,"us")*8+COUNTIF(E45:AI45,"uz")*8+COUNTIF(E45:AI45,"u")*8 -> 32 | AP45: =COUNTIF(E45:AI45,"DT")*8 -> 0
C46: CHŁOPECKI Przemysław | D46: =#REF! -> #REF! | H46: 8 | J46: d | Q46: 8 | R46: 8 | V46: 8 | W46: 8 | X46: 8 | AE46: 8 | AF46: 8 | AG46: d | AJ46: =_xlfn.CONCAT(#REF!,#REF!) -> #REF! | AK46: =AM46+AN46+AO46-$AK$1+AP46+AQ46 -> -40 | AL46: =MARZEC!AK46 -> 0 | AM46: =COUNTIF(E46:AI46,"D")*24+COUNTIF(E46:AI46,"12g")*12 -> 48 | AN46: =SUM(COUNTIF(E46:AI46,"k")+COUNTIF(E46:AI46,"s")+COUNTIF(E46:AI46,"wse"))*24+SUM(COUNTIF(E46:AI46,"Pk")+COUNTIF(E46:AI46,"Ps"))*12 -> 0 | AO46: =SUM(E46:AI46)+COUNTIF(E46:AI46,"uw")*8+COUNTIF(E46:AI46,"us")*8+COUNTIF(E46:AI46,"uz")*8+COUNTIF(E46:AI46,"u")*8 -> 64 | AP46: =COUNTIF(E46:AI46,"DT")*8 -> 0
C47: CHUDZIAK Dariusz | D47: =#REF! -> #REF! | E47: - | F47: - | G47: - | H47: u | I47: d | O47: 8 | P47: d | R47: 8 | U47: 8 | V47: wse | W47: wse | X47: 18 | AC47: 8 | AF47: d | AJ47: =_xlfn.CONCAT(#REF!,#REF!) -> #REF! | AK47: =AM47+AN47+AO47-$AK$1+AP47+AQ47 -> 26 | AL47: =MARZEC!AK47 -> 0 | AM47: =COUNTIF(E47:AI47,"D")*24+COUNTIF(E47:AI47,"12g")*12 -> 72 | AN47: =SUM(COUNTIF(E47:AI47,"k")+COUNTIF(E47:AI47,"s")+COUNTIF(E47:AI47,"wse"))*24+SUM(COUNTIF(E47:AI47,"Pk")+COUNTIF(E47:AI47,"Ps"))*12 -> 48 | AO47: =SUM(E47:AI47)+COUNTIF(E47:AI47,"uw")*8+COUNTIF(E47:AI47,"us")*8+COUNTIF(E47:AI47,"uz")*8+COUNTIF(E47:AI47,"u")*8 -> 58 | AP47: =COUNTIF(E47:AI47,"DT")*8 -> 0
C48: FIR Paweł | D48: =#REF! -> #REF! | G48: d | O48: 8 | P48: 8 | Q48: 7.5 | R48: 8 | S48: 2.5 | U48: 7 | V48: wse | W48: wse | X48: 18 | Y48: 7 | AC48: u | AD48: u | AE48: u | AF48: u | AG48: u | AJ48: =_xlfn.CONCAT(#REF!,#REF!) -> #REF! | AK48: =AM48+AN48+AO48-$AK$1+AP48+AQ48 -> 26 | AL48: =MARZEC!AK48 -> 0 | AM48: =COUNTIF(E48:AI48,"D")*24+COUNTIF(E48:AI48,"12g")*12 -> 24 | AN48: =SUM(COUNTIF(E48:AI48,"k")+COUNTIF(E48:AI48,"s")+COUNTIF(E48:AI48,"wse"))*24+SUM(COUNTIF(E48:AI48,"Pk")+COUNTIF(E48:AI48,"Ps"))*12 -> 48 | AO48: =SUM(E48:AI48)+COUNTIF(E48:AI48,"uw")*8+COUNTIF(E48:AI48,"us")*8+COUNTIF(E48:AI48,"uz")*8+COUNTIF(E48:AI48,"u")*8 -> 106 | AP48: =COUNTIF(E48:AI48,"DT")*8 -> 0
C49: GĘBALA Miłosz | D49: =#REF! -> #REF! | N49: d | P49: u | Q49: u | R49: u | S49: u | Y49: d | AC49: u | AD49: u | AE49: u | AF49: u | AG49: u | AJ49: =_xlfn.CONCAT(#REF!,#REF!) -> #REF! | AK49: =AM49+AN49+AO49-$AK$1+AP49+AQ49 -> -32 | AL49: =MARZEC!AK49 -> 0 | AM49: =COUNTIF(E49:AI49,"D")*24+COUNTIF(E49:AI49,"12g")*12 -> 48 | AN49: =SUM(COUNTIF(E49:AI49,"k")+COUNTIF(E49:AI49,"s")+COUNTIF(E49:AI49,"wse"))*24+SUM(COUNTIF(E49:AI49,"Pk")+COUNTIF(E49:AI49,"Ps"))*12 -> 0 | AO49: =SUM(E49:AI49)+COUNTIF(E49:AI49,"uw")*8+COUNTIF(E49:AI49,"us")*8+COUNTIF(E49:AI49,"uz")*8+COUNTIF(E49:AI49,"u")*8 -> 72 | AP49: =COUNTIF(E49:AI49,"DT")*8 -> 0
C50: GRZEGORCZYK Tomasz | D50: =#REF! -> #REF! | E50: k | F50: k | G50: k | H50: k | I50: 13 | O50: u | P50: u | Q50: u | R50: u | S50: u | V50: 5 | Z50: 6 | AB50: d | AE50: 7 | AI50: 16 | AJ50: =_xlfn.CONCAT(#REF!,#REF!) -> #REF! | AK50: =AM50+AN50+AO50-$AK$1+AP50+AQ50 -> 55 | AL50: =MARZEC!AK50 -> 184 | AM50: =COUNTIF(E50:AI50,"D")*24+COUNTIF(E50:AI50,"12g")*12 -> 24 | AN50: =SUM(COUNTIF(E50:AI50,"k")+COUNTIF(E50:AI50,"s")+COUNTIF(E50:AI50,"wse"))*24+SUM(COUNTIF(E50:AI50,"Pk")+COUNTIF(E50:AI50,"Ps"))*12 -> 96 | AO50: =SUM(E50:AI50)+COUNTIF(E50:AI50,"uw")*8+COUNTIF(E50:AI50,"us")*8+COUNTIF(E50:AI50,"uz")*8+COUNTIF(E50:AI50,"u")*8 -> 87 | AP50: =COUNTIF(E50:AI50,"DT")*8 -> 0
C51: JACUŃSKI Andrzej | D51: =#REF! -> #REF! | F51: d | M51: d | O51: 8 | P51: 8 | Q51: 8 | R51: 8 | U51: d | X51: d | AJ51: =_xlfn.CONCAT(#REF!,#REF!) -> #REF! | AK51: =AM51+AN51+AO51-$AK$1+AP51+AQ51 -> -24 | AL51: =MARZEC!AK51 -> #REF! | AM51: =COUNTIF(E51:AI51,"D")*24+COUNTIF(E51:AI51,"12g")*12 -> 96 | AN51: =SUM(COUNTIF(E51:AI51,"k")+COUNTIF(E51:AI51,"s")+COUNTIF(E51:AI51,"wse"))*24+SUM(COUNTIF(E51:AI51,"Pk")+COUNTIF(E51:AI51,"Ps"))*12 -> 0 | AO51: =SUM(E51:AI51)+COUNTIF(E51:AI51,"uw")*8+COUNTIF(E51:AI51,"us")*8+COUNTIF(E51:AI51,"uz")*8+COUNTIF(E51:AI51,"u")*8 -> 32 | AP51: =COUNTIF(E51:AI51,"DT")*8 -> 0
C52: JAROCKI Rafał | D52: =#REF! -> #REF! | H52: 8 | K52: d | O52: 8 | P52: 8 | Q52: 8 | R52: 8 | S52: 2 | U52: 8 | V52: wse | W52: wse | X52: 18 | AC52: 8 | AE52: 8 | AJ52: =_xlfn.CONCAT(#REF!,#REF!) -> #REF! | AK52: =AM52+AN52+AO52-$AK$1+AP52+AQ52 -> 4 | AL52: =MARZEC!AK52 -> #REF! | AM52: =COUNTIF(E52:AI52,"D")*24+COUNTIF(E52:AI52,"12g")*12 -> 24 | AN52: =SUM(COUNTIF(E52:AI52,"k")+COUNTIF(E52:AI52,"s")+COUNTIF(E52:AI52,"wse"))*24+SUM(COUNTIF(E52:AI52,"Pk")+COUNTIF(E52:AI52,"Ps"))*12 -> 48 | AO52: =SUM(E52:AI52)+COUNTIF(E52:AI52,"uw")*8+COUNTIF(E52:AI52,"us")*8+COUNTIF(E52:AI52,"uz")*8+COUNTIF(E52:AI52,"u")*8 -> 84 | AP52: =COUNTIF(E52:AI52,"DT")*8 -> 0
C53: KANIA Krzysztof | D53: =#REF! -> #REF! | H53: u | I53: u | J53: - | K53: u | L53: u | M53: - | N53: - | O53: u | P53: u | Q53: 7.5 | R53: 8 | U53: 8 | V53: wse | W53: wse | X53: 18 | AJ53: =_xlfn.CONCAT(#REF!,#REF!) -> #REF! | AK53: =AM53+AN53+AO53-$AK$1+AP53+AQ53 -> -14.5 | AL53: =MARZEC!AK53 -> #REF! | AM53: =COUNTIF(E53:AI53,"D")*24+COUNTIF(E53:AI53,"12g")*12 -> 0 | AN53: =SUM(COUNTIF(E53:AI53,"k")+COUNTIF(E53:AI53,"s")+COUNTIF(E53:AI53,"wse"))*24+SUM(COUNTIF(E53:AI53,"Pk")+COUNTIF(E53:AI53,"Ps"))*12 -> 48 | AO53: =SUM(E53:AI53)+COUNTIF(E53:AI53,"uw")*8+COUNTIF(E53:AI53,"us")*8+COUNTIF(E53:AI53,"uz")*8+COUNTIF(E53:AI53,"u")*8 -> 89.5 | AP53: =COUNTIF(E53:AI53,"DT")*8 -> 0
C54: KOMOSA Sebastian | D54: =#REF! -> #REF! | E54: k | F54: k | G54: k | H54: k | I54: pk | O54: u | P54: u | Q54: u | R54: u | S54: u | W54: 16 | X54: k | Y54: k | Z54: k | AA54: k | AB54: k | AC54: k | AD54: pk | AJ54: =_xlfn.CONCAT(#REF!,#REF!) -> #REF! | AK54: =AM54+AN54+AO54-$AK$1+AP54+AQ54 -> 168 | AL54: =MARZEC!AK54 -> #REF! | AM54: =COUNTIF(E54:AI54,"D")*24+COUNTIF(E54:AI54,"12g")*12 -> 0 | AN54: =SUM(COUNTIF(E54:AI54,"k")+COUNTIF(E54:AI54,"s")+COUNTIF(E54:AI54,"wse"))*24+SUM(COUNTIF(E54:AI54,"Pk")+COUNTIF(E54:AI54,"Ps"))*12 -> 264 | AO54: =SUM(E54:AI54)+COUNTIF(E54:AI54,"uw")*8+COUNTIF(E54:AI54,"us")*8+COUNTIF(E54:AI54,"uz")*8+COUNTIF(E54:AI54,"u")*8 -> 56 | AP54: =COUNTIF(E54:AI54,"DT")*8 -> 0
C55: KOSIŃSKI Krzysztof | D55: =#REF! -> #REF! | I55: 16 | J55: k | K55: k | L55: k | M55: k | N55: k | O55: k | P55: 11 | AJ55: =_xlfn.CONCAT(#REF!,#REF!) -> #REF! | AK55: =AM55+AN55+AO55-$AK$1+AP55+AQ55 -> 19 | AL55: =MARZEC!AK55 -> #REF! | AM55: =COUNTIF(E55:AI55,"D")*24+COUNTIF(E55:AI55,"12g")*12 -> 0 | AN55: =SUM(COUNTIF(E55:AI55,"k")+COUNTIF(E55:AI55,"s")+COUNTIF(E55:AI55,"wse"))*24+SUM(COUNTIF(E55:AI55,"Pk")+COUNTIF(E55:AI55,"Ps"))*12 -> 144 | AO55: =SUM(E55:AI55)+COUNTIF(E55:AI55,"uw")*8+COUNTIF(E55:AI55,"us")*8+COUNTIF(E55:AI55,"uz")*8+COUNTIF(E55:AI55,"u")*8 -> 27 | AP55: =COUNTIF(E55:AI55,"DT")*8 -> 0
C56: KOSTRZEWSKI Paweł | D56: =#REF! -> #REF! | AJ56: =_xlfn.CONCAT(#REF!,#REF!) -> #REF! | AK56: =AM56+AN56+AO56-$AK$1+AP56+AQ56 -> -152 | AL56: =MARZEC!AK56 -> #REF! | AM56: =COUNTIF(E56:AI56,"D")*24+COUNTIF(E56:AI56,"12g")*12 -> 0 | AN56: =SUM(COUNTIF(E56:AI56,"k")+COUNTIF(E56:AI56,"s")+COUNTIF(E56:AI56,"wse"))*24+SUM(COUNTIF(E56:AI56,"Pk")+COUNTIF(E56:AI56,"Ps"))*12 -> 0 | AO56: =SUM(E56:AI56)+COUNTIF(E56:AI56,"uw")*8+COUNTIF(E56:AI56,"us")*8+COUNTIF(E56:AI56,"uz")*8+COUNTIF(E56:AI56,"u")*8 -> 0 | AP56: =COUNTIF(E56:AI56,"DT")*8 -> 0
C57: KRYGER Katarzyna | D57: =#REF! -> #REF! | E57: - | F57: - | G57: - | H57: l4 | I57: l4 | J57: - | K57: l4 | L57: l4 | M57: - | N57: - | O57: l4 | P57: l4 | Q57: l4 | R57: l4 | S57: l4 | T57: - | U57: - | V57: l4 | W57: l4 | X57: l4 | Y57: l4 | Z57: l4 | AA57: - | AB57: - | AC57: l4 | AD57: l4 | AE57: l4 | AF57: l4 | AG57: l4 | AH57: - | AI57: - | AJ57: =_xlfn.CONCAT(#REF!,#REF!) -> #REF! | AK57: 0 | AL57: =MARZEC!AK57 -> #REF! | AM57: =COUNTIF(E57:AI57,"D")*24+COUNTIF(E57:AI57,"12g")*12 -> 0 | AN57: =SUM(COUNTIF(E57:AI57,"k")+COUNTIF(E57:AI57,"s")+COUNTIF(E57:AI57,"wse"))*24+SUM(COUNTIF(E57:AI57,"Pk")+COUNTIF(E57:AI57,"Ps"))*12 -> 0 | AO57: =SUM(E57:AI57)+COUNTIF(E57:AI57,"uw")*8+COUNTIF(E57:AI57,"us")*8+COUNTIF(E57:AI57,"uz")*8+COUNTIF(E57:AI57,"u")*8 -> 0 | AP57: =COUNTIF(E57:AI57,"DT")*8 -> 0
C58: KRYSZTOFIAK Mariusz | D58: =#REF! -> #REF! | I58: 8 | K58: 8 | L58: 7.5 | R58: d | U58: 8 | V58: wse | W58: wse | X58: 18 | AC58: 8 | AD58: 8 | AE58: 8 | AJ58: =_xlfn.CONCAT(#REF!,#REF!) -> #REF! | AK58: =AM58+AN58+AO58-$AK$1+AP58+AQ58 -> -6.5 | AL58: =MARZEC!AK58 -> #REF! | AM58: =COUNTIF(E58:AI58,"D")*24+COUNTIF(E58:AI58,"12g")*12 -> 24 | AN58: =SUM(COUNTIF(E58:AI58,"k")+COUNTIF(E58:AI58,"s")+COUNTIF(E58:AI58,"wse"))*24+SUM(COUNTIF(E58:AI58,"Pk")+COUNTIF(E58:AI58,"Ps"))*12 -> 48 | AO58: =SUM(E58:AI58)+COUNTIF(E58:AI58,"uw")*8+COUNTIF(E58:AI58,"us")*8+COUNTIF(E58:AI58,"uz")*8+COUNTIF(E58:AI58,"u")*8 -> 73.5 | AP58: =COUNTIF(E58:AI58,"DT")*8 -> 0
C59: KRZYSZTOFIAK Dariusz | D59: =#REF! -> #REF! | K59: u | L59: u | M59: - | N59: - | O59: u | P59: u | Q59: u | R59: 8 | S59: 8 | T59: 2 | U59: 8 | V59: wse | W59: wse | X59: 18 | AJ59: =_xlfn.CONCAT(#REF!,#REF!) -> #REF! | AK59: =AM59+AN59+AO59-$AK$1+AP59+AQ59 -> -20 | AL59: =MARZEC!AK59 -> #REF! | AM59: =COUNTIF(E59:AI59,"D")*24+COUNTIF(E59:AI59,"12g")*12 -> 0 | AN59: =SUM(COUNTIF(E59:AI59,"k")+COUNTIF(E59:AI59,"s")+COUNTIF(E59:AI59,"wse"))*24+SUM(COUNTIF(E59:AI59,"Pk")+COUNTIF(E59:AI59,"Ps"))*12 -> 48 | AO59: =SUM(E59:AI59)+COUNTIF(E59:AI59,"uw")*8+COUNTIF(E59:AI59,"us")*8+COUNTIF(E59:AI59,"uz")*8+COUNTIF(E59:AI59,"u")*8 -> 84 | AP59: =COUNTIF(E59:AI59,"DT")*8 -> 0
C60: KRZYSZTOFIAK Zbigniew | D60: =#REF! -> #REF! | M60: d | O60: 8 | P60: 8 | Q60: 8 | R60: 8 | T60: d | X60: d | AA60: d | AH60: d | AJ60: =_xlfn.CONCAT(#REF!,#REF!) -> #REF! | AK60: =AM60+AN60+AO60-$AK$1+AP60+AQ60 -> 0 | AL60: =MARZEC!AK60 -> #REF! | AM60: =COUNTIF(E60:AI60,"D")*24+COUNTIF(E60:AI60,"12g")*12 -> 120 | AN60: =SUM(COUNTIF(E60:AI60,"k")+COUNTIF(E60:AI60,"s")+COUNTIF(E60:AI60,"wse"))*24+SUM(COUNTIF(E60:AI60,"Pk")+COUNTIF(E60:AI60,"Ps"))*12 -> 0 | AO60: =SUM(E60:AI60)+COUNTIF(E60:AI60,"uw")*8+COUNTIF(E60:AI60,"us")*8+COUNTIF(E60:AI60,"uz")*8+COUNTIF(E60:AI60,"u")*8 -> 32 | AP60: =COUNTIF(E60:AI60,"DT")*8 -> 0
C61: KUKIEŁKA Wojciech | D61: =#REF! -> #REF! | I61: 16 | J61: k | K61: k | L61: k | M61: k | N61: k | O61: k | P61: pk | W61: d | AE61: 4 | AJ61: =_xlfn.CONCAT(#REF!,#REF!) -> #REF! | AK61: =AM61+AN61+AO61-$AK$1+AP61+AQ61 -> 48 | AL61: =MARZEC!AK61 -> #REF! | AM61: =COUNTIF(E61:AI61,"D")*24+COUNTIF(E61:AI61,"12g")*12 -> 24 | AN61: =SUM(COUNTIF(E61:AI61,"k")+COUNTIF(E61:AI61,"s")+COUNTIF(E61:AI61,"wse"))*24+SUM(COUNTIF(E61:AI61,"Pk")+COUNTIF(E61:AI61,"Ps"))*12 -> 156 | AO61: =SUM(E61:AI61)+COUNTIF(E61:AI61,"uw")*8+COUNTIF(E61:AI61,"us")*8+COUNTIF(E61:AI61,"uz")*8+COUNTIF(E61:AI61,"u")*8 -> 20 | AP61: =COUNTIF(E61:AI61,"DT")*8 -> 0
C62: KUSIAK Jacek | D62: =#REF! -> #REF! | AA62: d | AE62: 4.5 | AJ62: =_xlfn.CONCAT(#REF!,#REF!) -> #REF! | AK62: =AM62+AN62+AO62-$AK$1+AP62+AQ62 -> -123.5 | AL62: =MARZEC!AK62 -> #REF! | AM62: =COUNTIF(E62:AI62,"D")*24+COUNTIF(E62:AI62,"12g")*12 -> 24 | AN62: =SUM(COUNTIF(E62:AI62,"k")+COUNTIF(E62:AI62,"s")+COUNTIF(E62:AI62,"wse"))*24+SUM(COUNTIF(E62:AI62,"Pk")+COUNTIF(E62:AI62,"Ps"))*12 -> 0 | AO62: =SUM(E62:AI62)+COUNTIF(E62:AI62,"uw")*8+COUNTIF(E62:AI62,"us")*8+COUNTIF(E62:AI62,"uz")*8+COUNTIF(E62:AI62,"u")*8 -> 4.5 | AP62: =COUNTIF(E62:AI62,"DT")*8 -> 0
C63: LISEWSKI Sebastian | D63: =#REF! -> #REF! | AJ63: =_xlfn.CONCAT(#REF!,#REF!) -> #REF! | AK63: =AM63+AN63+AO63-$AK$1+AP63+AQ63 -> -152 | AL63: =MARZEC!AK63 -> #REF! | AM63: =COUNTIF(E63:AI63,"D")*24+COUNTIF(E63:AI63,"12g")*12 -> 0 | AN63: =SUM(COUNTIF(E63:AI63,"k")+COUNTIF(E63:AI63,"s")+COUNTIF(E63:AI63,"wse"))*24+SUM(COUNTIF(E63:AI63,"Pk")+COUNTIF(E63:AI63,"Ps"))*12 -> 0 | AO63: =SUM(E63:AI63)+COUNTIF(E63:AI63,"uw")*8+COUNTIF(E63:AI63,"us")*8+COUNTIF(E63:AI63,"uz")*8+COUNTIF(E63:AI63,"u")*8 -> 0 | AP63: =COUNTIF(E63:AI63,"DT")*8 -> 0
C64: ŁUSZCZYŃSKI Jordan | D64: =#REF! -> #REF! | L64: d | O64: 8 | P64: 8 | Q64: 8 | R64: 8 | U64: 10 | V64: wse | W64: wse | X64: 18 | AC64: 8 | AJ64: =_xlfn.CONCAT(#REF!,#REF!) -> #REF! | AK64: =AM64+AN64+AO64-$AK$1+AP64+AQ64 -> -12 | AL64: =MARZEC!AK64 -> #REF! | AM64: =COUNTIF(E64:AI64,"D")*24+COUNTIF(E64:AI64,"12g")*12 -> 24 | AN64: =SUM(COUNTIF(E64:AI64,"k")+COUNTIF(E64:AI64,"s")+COUNTIF(E64:AI64,"wse"))*24+SUM(COUNTIF(E64:AI64,"Pk")+COUNTIF(E64:AI64,"Ps"))*12 -> 48 | AO64: =SUM(E64:AI64)+COUNTIF(E64:AI64,"uw")*8+COUNTIF(E64:AI64,"us")*8+COUNTIF(E64:AI64,"uz")*8+COUNTIF(E64:AI64,"u")*8 -> 68 | AP64: =COUNTIF(E64:AI64,"DT")*8 -> 0
C65: MAJCHER Cezary | D65: =#REF! -> #REF! | W65: 16 | X65: k | Y65: k | Z65: k | AA65: k | AB65: k | AC65: k | AD65: 14 | AJ65: =_xlfn.CONCAT(#REF!,#REF!) -> #REF! | AK65: =AM65+AN65+AO65-$AK$1+AP65+AQ65 -> 22 | AL65: =MARZEC!AK65 -> #REF! | AM65: =COUNTIF(E65:AI65,"D")*24+COUNTIF(E65:AI65,"12g")*12 -> 0 | AN65: =SUM(COUNTIF(E65:AI65,"k")+COUNTIF(E65:AI65,"s")+COUNTIF(E65:AI65,"wse"))*24+SUM(COUNTIF(E65:AI65,"Pk")+COUNTIF(E65:AI65,"Ps"))*12 -> 144 | AO65: =SUM(E65:AI65)+COUNTIF(E65:AI65,"uw")*8+COUNTIF(E65:AI65,"us")*8+COUNTIF(E65:AI65,"uz")*8+COUNTIF(E65:AI65,"u")*8 -> 30 | AP65: =COUNTIF(E65:AI65,"DT")*8 -> 0
C66: MAŁKOWSKI Jakub | D66: =#REF! -> #REF! | E66: d | N66: d | P66: 8 | Q66: 8 | R66: 8 | U66: 8 | V66: wse | W66: wse | X66: 18 | AC66: 8 | AJ66: =_xlfn.CONCAT(#REF!,#REF!) -> #REF! | AK66: =AM66+AN66+AO66-$AK$1+AP66+AQ66 -> 2 | AL66: =MARZEC!AK66 -> 0 | AM66: =COUNTIF(E66:AI66,"D")*24+COUNTIF(E66:AI66,"12g")*12 -> 48 | AN66: =SUM(COUNTIF(E66:AI66,"k")+COUNTIF(E66:AI66,"s")+COUNTIF(E66:AI66,"wse"))*24+SUM(COUNTIF(E66:AI66,"Pk")+COUNTIF(E66:AI66,"Ps"))*12 -> 48 | AO66: =SUM(E66:AI66)+COUNTIF(E66:AI66,"uw")*8+COUNTIF(E66:AI66,"us")*8+COUNTIF(E66:AI66,"uz")*8+COUNTIF(E66:AI66,"u")*8 -> 58 | AP66: =COUNTIF(E66:AI66,"DT")*8 -> 0
C67: MATUK Tomasz | D67: =#REF! -> #REF! | Q67: 8 | Y67: 6 | AC67: u | AD67: u | AE67: u | AF67: u | AG67: u | AH67: - | AI67: - | AJ67: =_xlfn.CONCAT(#REF!,#REF!) -> #REF! | AK67: =AM67+AN67+AO67-$AK$1+AP67+AQ67 -> -98 | AL67: =MARZEC!AK67 -> #REF! | AM67: =COUNTIF(E67:AI67,"D")*24+COUNTIF(E67:AI67,"12g")*12 -> 0 | AN67: =SUM(COUNTIF(E67:AI67,"k")+COUNTIF(E67:AI67,"s")+COUNTIF(E67:AI67,"wse"))*24+SUM(COUNTIF(E67:AI67,"Pk")+COUNTIF(E67:AI67,"Ps"))*12 -> 0 | AO67: =SUM(E67:AI67)+COUNTIF(E67:AI67,"uw")*8+COUNTIF(E67:AI67,"us")*8+COUNTIF(E67:AI67,"uz")*8+COUNTIF(E67:AI67,"u")*8 -> 54 | AP67: =COUNTIF(E67:AI67,"DT")*8 -> 0
C68: MRUCZKIEWICZ Sławomir | D68: =#REF! -> #REF! | H68: u | I68: u | J68: - | K68: u | L68: u | M68: - | N68: - | O68: u | P68: u | Q68: u | R68: u | S68: u | V68: u | W68: u | X68: u | Y68: u | Z68: u | AE68: 8 | AI68: 16 | AJ68: =_xlfn.CONCAT(#REF!,#REF!) -> #REF! | AK68: =AM68+AN68+AO68-$AK$1+AP68+AQ68 -> -16 | AL68: =MARZEC!AK68 -> #REF! | AM68: =COUNTIF(E68:AI68,"D")*24+COUNTIF(E68:AI68,"12g")*12 -> 0 | AN68: =SUM(COUNTIF(E68:AI68,"k")+COUNTIF(E68:AI68,"s")+COUNTIF(E68:AI68,"wse"))*24+SUM(COUNTIF(E68:AI68,"Pk")+COUNTIF(E68:AI68,"Ps"))*12 -> 0 | AO68: =SUM(E68:AI68)+COUNTIF(E68:AI68,"uw")*8+COUNTIF(E68:AI68,"us")*8+COUNTIF(E68:AI68,"uz")*8+COUNTIF(E68:AI68,"u")*8 -> 136 | AP68: =COUNTIF(E68:AI68,"DT")*8 -> 0
C69: ORZECHOWSKI Bartosz | D69: =#REF! -> #REF! | W69: 16 | X69: k | Y69: k | Z69: k | AA69: k | AB69: k | AC69: k | AD69: 15 | AF69: 8 | AJ69: =_xlfn.CONCAT(#REF!,#REF!) -> #REF! | AK69: =AM69+AN69+AO69-$AK$1+AP69+AQ69 -> 31 | AL69: =MARZEC!AK69 -> #REF! | AM69: =COUNTIF(E69:AI69,"D")*24+COUNTIF(E69:AI69,"12g")*12 -> 0 | AN69: =SUM(COUNTIF(E69:AI69,"k")+COUNTIF(E69:AI69,"s")+COUNTIF(E69:AI69,"wse"))*24+SUM(COUNTIF(E69:AI69,"Pk")+COUNTIF(E69:AI69,"Ps"))*12 -> 144 | AO69: =SUM(E69:AI69)+COUNTIF(E69:AI69,"uw")*8+COUNTIF(E69:AI69,"us")*8+COUNTIF(E69:AI69,"uz")*8+COUNTIF(E69:AI69,"u")*8 -> 39 | AP69: =COUNTIF(E69:AI69,"DT")*8 -> 0
C70: PADJAS Marek | D70: =#REF! -> #REF! | AC70: 8 | AD70: 17 | AE70: k | AF70: k | AG70: k | AH70: k | AI70: k | AJ70: =_xlfn.CONCAT(#REF!,#REF!) -> #REF! | AK70: =AM70+AN70+AO70-$AK$1+AP70+AQ70 -> -7 | AL70: =MARZEC!AK70 -> #REF! | AM70: =COUNTIF(E70:AI70,"D")*24+COUNTIF(E70:AI70,"12g")*12 -> 0 | AN70: =SUM(COUNTIF(E70:AI70,"k")+COUNTIF(E70:AI70,"s")+COUNTIF(E70:AI70,"wse"))*24+SUM(COUNTIF(E70:AI70,"Pk")+COUNTIF(E70:AI70,"Ps"))*12 -> 120 | AO70: =SUM(E70:AI70)+COUNTIF(E70:AI70,"uw")*8+COUNTIF(E70:AI70,"us")*8+COUNTIF(E70:AI70,"uz")*8+COUNTIF(E70:AI70,"u")*8 -> 25 | AP70: =COUNTIF(E70:AI70,"DT")*8 -> 0
C71: PAWLAK Maciej Tomasz | D71: =#REF! -> #REF! | H71: u | I71: u | J71: - | K71: u | L71: u | M71: - | N71: - | O71: u | P71: u | Q71: u | R71: u | S71: u | W71: 8 | AD71: 16 | AE71: 7.5 | AF71: l4 | AG71: l4 | AH71: l4 | AI71: l4 | AJ71: =_xlfn.CONCAT(#REF!,#REF!) -> #REF! | AK71: =AM71+AN71+AO71-$AK$1+AP71+AQ71 -> 64 | AL71: =MARZEC!AK71 -> #REF! | AM71: =COUNTIF(E71:AI71,"D")*24+COUNTIF(E71:AI71,"12g")*12 -> 0 | AN71: =SUM(COUNTIF(E71:AI71,"k")+COUNTIF(E71:AI71,"s")+COUNTIF(E71:AI71,"wse"))*24+SUM(COUNTIF(E71:AI71,"Pk")+COUNTIF(E71:AI71,"Ps"))*12 -> 0 | AO71: =SUM(E71:AI71)+COUNTIF(E71:AI71,"uw")*8+COUNTIF(E71:AI71,"us")*8+COUNTIF(E71:AI71,"uz")*8+COUNTIF(E71:AI71,"u")*8 -> 103.5 | AP71: 112.5
C72: PAWŁOWSKA Agata | D72: =#REF! -> #REF! | I72: 2 | K72: 7 | O72: u | P72: u | Q72: u | R72: u | S72: u | T72: - | U72: - | V72: u | W72: u | X72: u | Y72: u | Z72: u | AA72: - | AB72: - | AC72: u | AD72: u | AE72: u | AF72: u | AG72: u | AH72: - | AI72: - | AJ72: =_xlfn.CONCAT(#REF!,#REF!) -> #REF! | AK72: =AM72+AN72+AO72-$AK$1+AP72+AQ72 -> -23 | AL72: =MARZEC!AK72 -> #REF! | AM72: =COUNTIF(E72:AI72,"D")*24+COUNTIF(E72:AI72,"12g")*12 -> 0 | AN72: =SUM(COUNTIF(E72:AI72,"k")+COUNTIF(E72:AI72,"s")+COUNTIF(E72:AI72,"wse"))*24+SUM(COUNTIF(E72:AI72,"Pk")+COUNTIF(E72:AI72,"Ps"))*12 -> 0 | AO72: =SUM(E72:AI72)+COUNTIF(E72:AI72,"uw")*8+COUNTIF(E72:AI72,"us")*8+COUNTIF(E72:AI72,"uz")*8+COUNTIF(E72:AI72,"u")*8 -> 129 | AP72: =COUNTIF(E72:AI72,"DT")*8 -> 0
C73: PAWŁOWSKI Piotr | D73: =#REF! -> #REF! | P73: 3.5 | Q73: 3 | R73: 3.5 | Z73: d | AC73: d | AE73: 16.5 | AF73: k | AG73: k | AH73: k | AI73: k | AJ73: =_xlfn.CONCAT(#REF!,#REF!) -> #REF! | AK73: =AM73+AN73+AO73-$AK$1+AP73+AQ73 -> 18.5 | AL73: =MARZEC!AK73 -> #REF! | AM73: =COUNTIF(E73:AI73,"D")*24+COUNTIF(E73:AI73,"12g")*12 -> 48 | AN73: =SUM(COUNTIF(E73:AI73,"k")+COUNTIF(E73:AI73,"s")+COUNTIF(E73:AI73,"wse"))*24+SUM(COUNTIF(E73:AI73,"Pk")+COUNTIF(E73:AI73,"Ps"))*12 -> 96 | AO73: =SUM(E73:AI73)+COUNTIF(E73:AI73,"uw")*8+COUNTIF(E73:AI73,"us")*8+COUNTIF(E73:AI73,"uz")*8+COUNTIF(E73:AI73,"u")*8 -> 26.5 | AP73: =COUNTIF(E73:AI73,"DT")*8 -> 0
C74: PERKOWSKI Tadeusz | D74: =#REF! -> #REF! | E74: 8 | O74: d | Q74: 8 | R74: 8 | S74: d | U74: 8 | V74: wse | W74: wse | X74: 18 | AD74: d | AG74: d | AJ74: =_xlfn.CONCAT(#REF!,#REF!) -> #REF! | AK74: =AM74+AN74+AO74-$AK$1+AP74+AQ74 -> 42 | AL74: =MARZEC!AK74 -> #REF! | AM74: =COUNTIF(E74:AI74,"D")*24+COUNTIF(E74:AI74,"12g")*12 -> 96 | AN74: =SUM(COUNTIF(E74:AI74,"k")+COUNTIF(E74:AI74,"s")+COUNTIF(E74:AI74,"wse"))*24+SUM(COUNTIF(E74:AI74,"Pk")+COUNTIF(E74:AI74,"Ps"))*12 -> 48 | AO74: =SUM(E74:AI74)+COUNTIF(E74:AI74,"uw")*8+COUNTIF(E74:AI74,"us")*8+COUNTIF(E74:AI74,"uz")*8+COUNTIF(E74:AI74,"u")*8 -> 50 | AP74: =COUNTIF(E74:AI74,"DT")*8 -> 0
C75: PEZAŁA Maciej | D75: =#REF! -> #REF! | Q75: d | U75: 8 | V75: wse | W75: wse | X75: 18 | AD75: 16 | AE75: k | AF75: k | AG75: k | AH75: k | AI75: k | AJ75: =_xlfn.CONCAT(#REF!,#REF!) -> #REF! | AK75: =AM75+AN75+AO75-$AK$1+AP75+AQ75 -> 82 | AL75: =MARZEC!AK75 -> #REF! | AM75: =COUNTIF(E75:AI75,"D")*24+COUNTIF(E75:AI75,"12g")*12 -> 24 | AN75: =SUM(COUNTIF(E75:AI75,"k")+COUNTIF(E75:AI75,"s")+COUNTIF(E75:AI75,"wse"))*24+SUM(COUNTIF(E75:AI75,"Pk")+COUNTIF(E75:AI75,"Ps"))*12 -> 168 | AO75: =SUM(E75:AI75)+COUNTIF(E75:AI75,"uw")*8+COUNTIF(E75:AI75,"us")*8+COUNTIF(E75:AI75,"uz")*8+COUNTIF(E75:AI75,"u")*8 -> 42 | AP75: =COUNTIF(E75:AI75,"DT")*8 -> 0
C76: PIEŃKOWSKI Mirosław | D76: =#REF! -> #REF! | AD76: 17 | AE76: k | AF76: k | AG76: k | AH76: k | AI76: k | AJ76: =_xlfn.CONCAT(#REF!,#REF!) -> #REF! | AK76: =AM76+AN76+AO76-$AK$1+AP76+AQ76 -> -15 | AL76: =MARZEC!AK76 -> #REF! | AM76: =COUNTIF(E76:AI76,"D")*24+COUNTIF(E76:AI76,"12g")*12 -> 0 | AN76: =SUM(COUNTIF(E76:AI76,"k")+COUNTIF(E76:AI76,"s")+COUNTIF(E76:AI76,"wse"))*24+SUM(COUNTIF(E76:AI76,"Pk")+COUNTIF(E76:AI76,"Ps"))*12 -> 120 | AO76: =SUM(E76:AI76)+COUNTIF(E76:AI76,"uw")*8+COUNTIF(E76:AI76,"us")*8+COUNTIF(E76:AI76,"uz")*8+COUNTIF(E76:AI76,"u")*8 -> 17 | AP76: =COUNTIF(E76:AI76,"DT")*8 -> 0
C77: PUJANEK Sebastian | D77: =#REF! -> #REF! | H77: 7 | K77: 6 | L77: 5 | O77: 7 | P77: 7 | Q77: 6 | R77: 7 | U77: 8 | V77: wse | W77: wse | X77: 18 | AC77: 6 | AD77: 6 | AJ77: =_xlfn.CONCAT(#REF!,#REF!) -> #REF! | AK77: =AM77+AN77+AO77-$AK$1+AP77+AQ77 -> -21 | AL77: =MARZEC!AK77 -> #REF! | AM77: =COUNTIF(E77:AI77,"D")*24+COUNTIF(E77:AI77,"12g")*12 -> 0 | AN77: =SUM(COUNTIF(E77:AI77,"k")+COUNTIF(E77:AI77,"s")+COUNTIF(E77:AI77,"wse"))*24+SUM(COUNTIF(E77:AI77,"Pk")+COUNTIF(E77:AI77,"Ps"))*12 -> 48 | AO77: =SUM(E77:AI77)+COUNTIF(E77:AI77,"uw")*8+COUNTIF(E77:AI77,"us")*8+COUNTIF(E77:AI77,"uz")*8+COUNTIF(E77:AI77,"u")*8 -> 83 | AP77: =COUNTIF(E77:AI77,"DT")*8 -> 0
C78: REIMANN Daniel | D78: =#REF! -> #REF! | H78: u | I78: u | J78: - | K78: u | L78: u | M78: - | N78: - | O78: u | P78: u | Q78: 6.5 | R78: 6.5 | U78: 7 | V78: wse | W78: wse | X78: 18 | AE78: d | AJ78: =_xlfn.CONCAT(#REF!,#REF!) -> #REF! | AK78: =AM78+AN78+AO78-$AK$1+AP78+AQ78 -> 6 | AL78: =MARZEC!AK78 -> #REF! | AM78: =COUNTIF(E78:AI78,"D")*24+COUNTIF(E78:AI78,"12g")*12 -> 24 | AN78: =SUM(COUNTIF(E78:AI78,"k")+COUNTIF(E78:AI78,"s")+COUNTIF(E78:AI78,"wse"))*24+SUM(COUNTIF(E78:AI78,"Pk")+COUNTIF(E78:AI78,"Ps"))*12 -> 48 | AO78: =SUM(E78:AI78)+COUNTIF(E78:AI78,"uw")*8+COUNTIF(E78:AI78,"us")*8+COUNTIF(E78:AI78,"uz")*8+COUNTIF(E78:AI78,"u")*8 -> 86 | AP78: =COUNTIF(E78:AI78,"DT")*8 -> 0
C79: SCHEEL Magdalena | D79: =#REF! -> #REF! | I79: 16 | J79: k | K79: k | L79: k | M79: k | N79: k | O79: k | P79: 11 | Q79: u | R79: u | S79: u | AJ79: =_xlfn.CONCAT(#REF!,#REF!) -> #REF! | AK79: =AM79+AN79+AO79-$AK$1+AP79+AQ79 -> 43 | AL79: =MARZEC!AK79 -> #REF! | AM79: =COUNTIF(E79:AI79,"D")*24+COUNTIF(E79:AI79,"12g")*12 -> 0 | AN79: =SUM(COUNTIF(E79:AI79,"k")+COUNTIF(E79:AI79,"s")+COUNTIF(E79:AI79,"wse"))*24+SUM(COUNTIF(E79:AI79,"Pk")+COUNTIF(E79:AI79,"Ps"))*12 -> 144 | AO79: =SUM(E79:AI79)+COUNTIF(E79:AI79,"uw")*8+COUNTIF(E79:AI79,"us")*8+COUNTIF(E79:AI79,"uz")*8+COUNTIF(E79:AI79,"u")*8 -> 51 | AP79: =COUNTIF(E79:AI79,"DT")*8 -> 0
C80: SKALSKA Paulina | D80: =#REF! -> #REF! | P80: 15 | Q80: k | R80: k | S80: k | T80: k | U80: k | V80: k | W80: pk | AJ80: =_xlfn.CONCAT(#REF!,#REF!) -> #REF! | AK80: =AM80+AN80+AO80-$AK$1+AP80+AQ80 -> 19 | AL80: =MARZEC!AK80 -> #REF! | AM80: =COUNTIF(E80:AI80,"D")*24+COUNTIF(E80:AI80,"12g")*12 -> 0 | AN80: =SUM(COUNTIF(E80:AI80,"k")+COUNTIF(E80:AI80,"s")+COUNTIF(E80:AI80,"wse"))*24+SUM(COUNTIF(E80:AI80,"Pk")+COUNTIF(E80:AI80,"Ps"))*12 -> 156 | AO80: =SUM(E80:AI80)+COUNTIF(E80:AI80,"uw")*8+COUNTIF(E80:AI80,"us")*8+COUNTIF(E80:AI80,"uz")*8+COUNTIF(E80:AI80,"u")*8 -> 15 | AP80: =COUNTIF(E80:AI80,"DT")*8 -> 0
C81: SŁUPKOWSKI Mateusz | D81: =#REF! -> #REF! | AE81: 7 | AJ81: =_xlfn.CONCAT(#REF!,#REF!) -> #REF! | AK81: =AM81+AN81+AO81-$AK$1+AP81+AQ81 -> -145 | AL81: =MARZEC!AK81 -> #REF! | AM81: =COUNTIF(E81:AI81,"D")*24+COUNTIF(E81:AI81,"12g")*12 -> 0 | AN81: =SUM(COUNTIF(E81:AI81,"k")+COUNTIF(E81:AI81,"s")+COUNTIF(E81:AI81,"wse"))*24+SUM(COUNTIF(E81:AI81,"Pk")+COUNTIF(E81:AI81,"Ps"))*12 -> 0 | AO81: =SUM(E81:AI81)+COUNTIF(E81:AI81,"uw")*8+COUNTIF(E81:AI81,"us")*8+COUNTIF(E81:AI81,"uz")*8+COUNTIF(E81:AI81,"u")*8 -> 7 | AP81: =COUNTIF(E81:AI81,"DT")*8 -> 0
C82: STOPA Maciej | D82: =#REF! -> #REF! | E82: k | F82: k | G82: k | H82: k | I82: 13 | W82: 17 | X82: k | Y82: k | Z82: 19 | AA82: k | AB82: k | AC82: k | AD82: 13 | AJ82: =_xlfn.CONCAT(#REF!,#REF!) -> #REF! | AK82: =AM82+AN82+AO82-$AK$1+AP82+AQ82 -> 126 | AL82: =MARZEC!AK82 -> #REF! | AM82: =COUNTIF(E82:AI82,"D")*24+COUNTIF(E82:AI82,"12g")*12 -> 0 | AN82: =SUM(COUNTIF(E82:AI82,"k")+COUNTIF(E82:AI82,"s")+COUNTIF(E82:AI82,"wse"))*24+SUM(COUNTIF(E82:AI82,"Pk")+COUNTIF(E82:AI82,"Ps"))*12 -> 216 | AO82: =SUM(E82:AI82)+COUNTIF(E82:AI82,"uw")*8+COUNTIF(E82:AI82,"us")*8+COUNTIF(E82:AI82,"uz")*8+COUNTIF(E82:AI82,"u")*8 -> 62 | AP82: =COUNTIF(E82:AI82,"DT")*8 -> 0
C83: SUSZEK Bartosz | D83: =#REF! -> #REF! | E83: k | F83: k | G83: k | H83: k | I83: 15 | P83: 17 | Q83: k | R83: k | S83: k | T83: k | U83: k | V83: k | W83: pk | AJ83: =_xlfn.CONCAT(#REF!,#REF!) -> #REF! | AK83: =AM83+AN83+AO83-$AK$1+AP83+AQ83 -> 132 | AL83: =MARZEC!AK83 -> #REF! | AM83: =COUNTIF(E83:AI83,"D")*24+COUNTIF(E83:AI83,"12g")*12 -> 0 | AN83: =SUM(COUNTIF(E83:AI83,"k")+COUNTIF(E83:AI83,"s")+COUNTIF(E83:AI83,"wse"))*24+SUM(COUNTIF(E83:AI83,"Pk")+COUNTIF(E83:AI83,"Ps"))*12 -> 252 | AO83: =SUM(E83:AI83)+COUNTIF(E83:AI83,"uw")*8+COUNTIF(E83:AI83,"us")*8+COUNTIF(E83:AI83,"uz")*8+COUNTIF(E83:AI83,"u")*8 -> 32 | AP83: =COUNTIF(E83:AI83,"DT")*8 -> 0
C84: SZCZEPAŃSKI Tomasz Łukasz | D84: =#REF! -> #REF! | E84: 8 | O84: 8 | S84: u | U84: 8 | V84: wse | W84: wse | X84: 18 | AD84: d | AJ84: =_xlfn.CONCAT(#REF!,#REF!) -> #REF! | AK84: =AM84+AN84+AO84-$AK$1+AP84+AQ84 -> -30 | AL84: =MARZEC!AK84 -> #REF! | AM84: =COUNTIF(E84:AI84,"D")*24+COUNTIF(E84:AI84,"12g")*12 -> 24 | AN84: =SUM(COUNTIF(E84:AI84,"k")+COUNTIF(E84:AI84,"s")+COUNTIF(E84:AI84,"wse"))*24+SUM(COUNTIF(E84:AI84,"Pk")+COUNTIF(E84:AI84,"Ps"))*12 -> 48 | AO84: =SUM(E84:AI84)+COUNTIF(E84:AI84,"uw")*8+COUNTIF(E84:AI84,"us")*8+COUNTIF(E84:AI84,"uz")*8+COUNTIF(E84:AI84,"u")*8 -> 50 | AP84: =COUNTIF(E84:AI84,"DT")*8 -> 0
C85: SZYMAŃSKI Tomasz | D85: =#REF! -> #REF! | L85: d | O85: 7 | P85: 7 | Q85: 7 | R85: 8 | U85: 9 | V85: wse | W85: wse | X85: 18 | AC85: 7 | AE85: 1 | AJ85: =_xlfn.CONCAT(#REF!,#REF!) -> #REF! | AK85: =AM85+AN85+AO85-$AK$1+AP85+AQ85 -> -16 | AL85: =MARZEC!AK85 -> #REF! | AM85: =COUNTIF(E85:AI85,"D")*24+COUNTIF(E85:AI85,"12g")*12 -> 24 | AN85: =SUM(COUNTIF(E85:AI85,"k")+COUNTIF(E85:AI85,"s")+COUNTIF(E85:AI85,"wse"))*24+SUM(COUNTIF(E85:AI85,"Pk")+COUNTIF(E85:AI85,"Ps"))*12 -> 48 | AO85: =SUM(E85:AI85)+COUNTIF(E85:AI85,"uw")*8+COUNTIF(E85:AI85,"us")*8+COUNTIF(E85:AI85,"uz")*8+COUNTIF(E85:AI85,"u")*8 -> 64 | AP85: =COUNTIF(E85:AI85,"DT")*8 -> 0
C86: ŚLIWIŃSKI Krzysztof | D86: =#REF! -> #REF! | H86: d | O86: 8 | P86: 8 | Q86: 8 | R86: d | U86: 8 | V86: wse | W86: wse | X86: 18 | AC86: d | AH86: d | AJ86: =_xlfn.CONCAT(#REF!,#REF!) -> #REF! | AK86: =AM86+AN86+AO86-$AK$1+AP86+AQ86 -> 42 | AL86: =MARZEC!AK86 -> #REF! | AM86: =COUNTIF(E86:AI86,"D")*24+COUNTIF(E86:AI86,"12g")*12 -> 96 | AN86: =SUM(COUNTIF(E86:AI86,"k")+COUNTIF(E86:AI86,"s")+COUNTIF(E86:AI86,"wse"))*24+SUM(COUNTIF(E86:AI86,"Pk")+COUNTIF(E86:AI86,"Ps"))*12 -> 48 | AO86: =SUM(E86:AI86)+COUNTIF(E86:AI86,"uw")*8+COUNTIF(E86:AI86,"us")*8+COUNTIF(E86:AI86,"uz")*8+COUNTIF(E86:AI86,"u")*8 -> 50 | AP86: =COUNTIF(E86:AI86,"DT")*8 -> 0
C87: TOCHOR Krzysztof | D87: =#REF! -> #REF! | I87: d | O87: 5.5 | P87: 7 | Q87: d | V87: d | Y87: 3 | AE87: 4 | AJ87: =_xlfn.CONCAT(#REF!,#REF!) -> #REF! | AK87: =AM87+AN87+AO87-$AK$1+AP87+AQ87 -> -60.5 | AL87: =MARZEC!AK87 -> #REF! | AM87: =COUNTIF(E87:AI87,"D")*24+COUNTIF(E87:AI87,"12g")*12 -> 72 | AN87: =SUM(COUNTIF(E87:AI87,"k")+COUNTIF(E87:AI87,"s")+COUNTIF(E87:AI87,"wse"))*24+SUM(COUNTIF(E87:AI87,"Pk")+COUNTIF(E87:AI87,"Ps"))*12 -> 0 | AO87: =SUM(E87:AI87)+COUNTIF(E87:AI87,"uw")*8+COUNTIF(E87:AI87,"us")*8+COUNTIF(E87:AI87,"uz")*8+COUNTIF(E87:AI87,"u")*8 -> 19.5 | AP87: =COUNTIF(E87:AI87,"DT")*8 -> 0
C88: WITCZAK Milena | D88: =#REF! -> #REF! | K88: 5 | O88: 8 | P88: 8 | Q88: 8 | R88: 8 | W88: d | AJ88: =_xlfn.CONCAT(#REF!,#REF!) -> #REF! | AK88: =AM88+AN88+AO88-$AK$1+AP88+AQ88 -> -91 | AL88: =MARZEC!AK88 -> #REF! | AM88: =COUNTIF(E88:AI88,"D")*24+COUNTIF(E88:AI88,"12g")*12 -> 24 | AN88: =SUM(COUNTIF(E88:AI88,"k")+COUNTIF(E88:AI88,"s")+COUNTIF(E88:AI88,"wse"))*24+SUM(COUNTIF(E88:AI88,"Pk")+COUNTIF(E88:AI88,"Ps"))*12 -> 0 | AO88: =SUM(E88:AI88)+COUNTIF(E88:AI88,"uw")*8+COUNTIF(E88:AI88,"us")*8+COUNTIF(E88:AI88,"uz")*8+COUNTIF(E88:AI88,"u")*8 -> 37 | AP88: =COUNTIF(E88:AI88,"DT")*8 -> 0
C89: WOŹNIAK Szymon | D89: =#REF! -> #REF! | O89: 8 | P89: 8 | Q89: 8 | R89: 8 | S89: d | U89: 8.5 | V89: wse | W89: wse | X89: 18 | AJ89: =_xlfn.CONCAT(#REF!,#REF!) -> #REF! | AK89: =AM89+AN89+AO89-$AK$1+AP89+AQ89 -> -21.5 | AL89: =MARZEC!AK89 -> #REF! | AM89: =COUNTIF(E89:AI89,"D")*24+COUNTIF(E89:AI89,"12g")*12 -> 24 | AN89: =SUM(COUNTIF(E89:AI89,"k")+COUNTIF(E89:AI89,"s")+COUNTIF(E89:AI89,"wse"))*24+SUM(COUNTIF(E89:AI89,"Pk")+COUNTIF(E89:AI89,"Ps"))*12 -> 48 | AO89: =SUM(E89:AI89)+COUNTIF(E89:AI89,"uw")*8+COUNTIF(E89:AI89,"us")*8+COUNTIF(E89:AI89,"uz")*8+COUNTIF(E89:AI89,"u")*8 -> 58.5 | AP89: =COUNTIF(E89:AI89,"DT")*8 -> 0
C90: ZAWOLIK Adam | D90: =#REF! -> #REF! | AJ90: =_xlfn.CONCAT(#REF!,#REF!) -> #REF! | AK90: =AM90+AN90+AO90-$AK$1+AP90+AQ90 -> -152 | AL90: =MARZEC!AK90 -> #REF! | AM90: =COUNTIF(E90:AI90,"D")*24+COUNTIF(E90:AI90,"12g")*12 -> 0 | AN90: =SUM(COUNTIF(E90:AI90,"k")+COUNTIF(E90:AI90,"s")+COUNTIF(E90:AI90,"wse"))*24+SUM(COUNTIF(E90:AI90,"Pk")+COUNTIF(E90:AI90,"Ps"))*12 -> 0 | AO90: =SUM(E90:AI90)+COUNTIF(E90:AI90,"uw")*8+COUNTIF(E90:AI90,"us")*8+COUNTIF(E90:AI90,"uz")*8+COUNTIF(E90:AI90,"u")*8 -> 0 | AP90: =COUNTIF(E90:AI90,"DT")*8 -> 0
C91: ZIEMKOWSKI Witold | D91: =#REF! -> #REF! | I91: 16 | J91: k | K91: k | L91: k | M91: k | N91: k | O91: k | P91: 11 | AJ91: =_xlfn.CONCAT(#REF!,#REF!) -> #REF! | AK91: =AM91+AN91+AO91-$AK$1+AP91+AQ91 -> 19 | AL91: =MARZEC!AK91 -> #REF! | AM91: =COUNTIF(E91:AI91,"D")*24+COUNTIF(E91:AI91,"12g")*12 -> 0 | AN91: =SUM(COUNTIF(E91:AI91,"k")+COUNTIF(E91:AI91,"s")+COUNTIF(E91:AI91,"wse"))*24+SUM(COUNTIF(E91:AI91,"Pk")+COUNTIF(E91:AI91,"Ps"))*12 -> 144 | AO91: =SUM(E91:AI91)+COUNTIF(E91:AI91,"uw")*8+COUNTIF(E91:AI91,"us")*8+COUNTIF(E91:AI91,"uz")*8+COUNTIF(E91:AI91,"u")*8 -> 27 | AP91: =COUNTIF(E91:AI91,"DT")*8 -> 0
C92: ZWOLIŃSKI Krzysztof | D92: =#REF! -> #REF! | P92: 16 | Q92: k | R92: k | S92: k | T92: k | U92: k | V92: k | W92: ? | AJ92: =_xlfn.CONCAT(#REF!,#REF!) -> #REF! | AK92: =AM92+AN92+AO92-$AK$1+AP92+AQ92 -> 8 | AL92: =MARZEC!AK92 -> #REF! | AM92: =COUNTIF(E92:AI92,"D")*24+COUNTIF(E92:AI92,"12g")*12 -> 0 | AN92: =SUM(COUNTIF(E92:AI92,"k")+COUNTIF(E92:AI92,"s")+COUNTIF(E92:AI92,"wse"))*24+SUM(COUNTIF(E92:AI92,"Pk")+COUNTIF(E92:AI92,"Ps"))*12 -> 144 | AO92: =SUM(E92:AI92)+COUNTIF(E92:AI92,"uw")*8+COUNTIF(E92:AI92,"us")*8+COUNTIF(E92:AI92,"uz")*8+COUNTIF(E92:AI92,"u")*8 -> 16 | AP92: =COUNTIF(E92:AI92,"DT")*8 -> 0
C93: SŁUŻBA | E93: =COUNTIF(E42:E92,"D") -> 2 | F93: =COUNTIF(F42:F92,"D") -> 1 | G93: =COUNTIF(G42:G92,"D") -> 2 | H93: =COUNTIF(H42:H92,"D") -> 1 | I93: =COUNTIF(I42:I92,"D") -> 2 | J93: =COUNTIF(J42:J92,"D") -> 1 | K93: =COUNTIF(K42:K92,"D") -> 1 | L93: =COUNTIF(L42:L92,"D") -> 2 | ... AI93: =COUNTIF(AI42:AI92,"D") -> 0

Sheet służby druk
B1: styczeń 2021 r.
A2: Dyżurny Wachty Portowej
A3: 44197 | C3: DYŻURNY | D3: wachtowy | E3: wachtowy
A4: 1 | B4: pt. | C4: =VLOOKUP("D",STYCZEŃ!$E$2:$AJ$32,32,0) -> #REF!
A5: 2 | B5: sob. | C5: =VLOOKUP("D",STYCZEŃ!F$2:$AJ$32,31,0) -> #REF!
A6: 3 | B6: niedz. | C6: =VLOOKUP("D",STYCZEŃ!G$2:$AJ$32,30,0) -> #REF!
A7: 4 | B7: pon. | C7: =VLOOKUP("D",STYCZEŃ!H$2:$AJ$32,29,0) -> #REF!
A8: 5 | B8: wt. | C8: =VLOOKUP("D",STYCZEŃ!I$2:$AJ$32,28,0) -> #REF!
A9: 6 | B9: śr. | C9: =VLOOKUP("D",STYCZEŃ!J$2:$AJ$32,27,0) -> #REF!
A10: 7 | B10: czw. | C10: =VLOOKUP("D",STYCZEŃ!K$2:$AJ$32,26,0) -> #REF!
A11: 8 | B11: pt. | C11: =VLOOKUP("D",STYCZEŃ!L$2:$AJ$32,25,0) -> #REF! | D11: 20.00 - 08.00 SAJDAK
A12: 9 | B12: sob. | C12: =VLOOKUP("D",STYCZEŃ!M$2:$AJ$32,24,0) -> #REF!
A13: 10 | B13: niedz. | C13: =VLOOKUP("D",STYCZEŃ!N$2:$AJ$32,23,0) -> #REF!
A14: 11 | B14: pon. | C14: =VLOOKUP("D",STYCZEŃ!O$2:$AJ$32,22,0) -> #REF!
A15: 12 | B15: wt. | C15: =VLOOKUP("D",STYCZEŃ!P$2:$AJ$32,21,0) -> #REF!
A16: 13 | B16: śr. | C16: =VLOOKUP("D",STYCZEŃ!Q$2:$AJ$32,20,0) -> #REF!
A17: 14 | B17: czw. | C17: =VLOOKUP("D",STYCZEŃ!R$2:$AJ$32,19,0) -> #REF!
A18: 15 | B18: pt. | C18: =VLOOKUP("D",STYCZEŃ!S$2:$AJ$32,18,0) -> #REF!
A19: 16 | B19: sob. | C19: =VLOOKUP("D",STYCZEŃ!T$2:$AJ$32,17,0) -> #REF!
A20: 17 | B20: niedz. | C20: =VLOOKUP("D",STYCZEŃ!U$2:$AJ$32,16,0) -> #REF!
A21: 18 | B21: pon. | C21: =VLOOKUP("D",STYCZEŃ!V$2:$AJ$32,15,0) -> #REF!
A22: 19 | B22: wt. | C22: =VLOOKUP("D",STYCZEŃ!W$2:$AJ$32,14,0) -> #REF!
A23: 20 | B23: śr. | C23: =VLOOKUP("D",STYCZEŃ!X$2:$AJ$32,13,0) -> #REF!
A24: 21 | B24: czw. | C24: =VLOOKUP("D",STYCZEŃ!Y$2:$AJ$32,12,0) -> #REF!
A25: 22 | B25: pt. | C25: =VLOOKUP("D",STYCZEŃ!Z$2:$AJ$32,11,0) -> #REF!
A26: 23 | B26: sob. | C26: =VLOOKUP("D",STYCZEŃ!AA$2:$AJ$32,10,0) -> #REF!
A27: 24 | B27: niedz. | C27: =VLOOKUP("D",STYCZEŃ!AB$2:$AJ$32,9,0) -> #REF!
A28: 25 | B28: pon. | C28: =VLOOKUP("D",STYCZEŃ!AC$2:$AJ$32,8,0) -> #REF!
A29: 26 | B29: wt. | C29: =VLOOKUP("D",STYCZEŃ!AD$2:$AJ$32,7,0) -> #REF!
A30: 27 | B30: śr. | C30: =VLOOKUP("D",STYCZEŃ!AE$2:$AJ$32,6,0) -> #REF!
A31: 28 | B31: czw. | C31: =VLOOKUP("D",STYCZEŃ!AF$2:$AJ$32,5,0) -> #REF!
A32: 29 | B32: pt. | C32: =VLOOKUP("D",STYCZEŃ!AG$2:$AJ$32,4,0) -> #REF!
A33: 30 | B33: sob. | C33: =VLOOKUP("D",STYCZEŃ!AH$2:$AJ$32,3,0) -> #REF!
A34: 31 | B34: niedz. | C34: =VLOOKUP("D",STYCZEŃ!AI$2:$AJ$32,2,0) -> #N/A

Sheet LUTY
A1: SG | D1: 44228 | E1: 44228 | F1: 44229 | G1: 44230 | H1: 44231 | I1: 44232 | J1: 44233 | K1: 44234 | L1: 44235 | M1: 44236 | N1: 44237 | O1: 44238 | P1: 44239 | Q1: 44240 | R1: 44241 | S1: 44242 | T1: 44243 | U1: 44244 | V1: 44245 | W1: 44246 | X1: 44247 | Y1: 44248 | Z1: 44249 | AA1: 44250 | AB1: 44251 | AC1: 44252 | AD1: 44253 | AE1: 44254 | AF1: 44255 | AH1: =20*8 -> 160 | AI1: 44286 | AJ1: Służba | AK1: Dyżur | AL1: inne | AM1: DT | AN1: zwolnienia
A2: SG212 | B2: D | C2: BORZĘCKI Tomasz | D2: =STYCZEŃ!AK2+STYCZEŃ!D2 -> #REF! | I2: ps | J2: s | K2: s | L2: ps | M2: - | N2: - | O2: - | P2: - | S2: ps | T2: s | U2: s | V2: s | W2: s | X2: s | Y2: s | Z2: ps | AB2: ! | AE2: - | AF2: - | AG2: =_xlfn.CONCAT(#REF!,Tabela13[[#This Row],[FUNKCJONARIUSZ]]) -> #REF! | AH2: =AJ2+AK2+AL2-$AH$1+AM2+AN2+D2 -> #REF! | AI2: =MARZEC!AK2 -> #REF! | AJ2: =COUNTIF(E2:AF2,"D")*24+COUNTIF(E2:AF2,"12g")*12 -> 0 | AK2: =SUM(COUNTIF(E2:AF2,"k")+COUNTIF(E2:AF2,"s")+COUNTIF(E2:AF2,"wse"))*24+SUM(COUNTIF(E2:AF2,"Pk")+COUNTIF(E2:AF2,"Ps"))*12 -> 240 | AL2: =SUM(E2:AF2)+COUNTIF(E2:AF2,"uw")*8+COUNTIF(E2:AF2,"us")*8+COUNTIF(E2:AF2,"uz")*8 -> 0 | AM2: =COUNTIF(A2:AE2,"DT")*8 -> 0 | AN2: 0
A3: SG068 | B3: MP | C3: BUKOWSKI Bartosz | D3: =STYCZEŃ!AK3+STYCZEŃ!D3 -> #REF! | E3: uz | F3: uz | G3: uz | H3: uz | I3: uz | J3: - | K3: - | L3: uz | M3: uz | N3: uw | O3: uw | P3: uw | Q3: - | R3: - | S3: uw | T3: uw | U3: uw | V3: uw | W3: uw | X3: - | Y3: - | Z3: uw | AA3: uw | AG3: =_xlfn.CONCAT(#REF!,Tabela13[[#This Row],[FUNKCJONARIUSZ]]) -> #REF! | AH3: =AJ3+AK3+AL3-$AH$1+AM3+AN3+D3 -> #REF! | AI3: =MARZEC!AK3 -> #REF! | AJ3: =COUNTIF(E3:AF3,"D")*24+COUNTIF(E3:AF3,"12g")*12 -> 0 | AK3: =SUM(COUNTIF(E3:AF3,"k")+COUNTIF(E3:AF3,"s")+COUNTIF(E3:AF3,"wse"))*24+SUM(COUNTIF(E3:AF3,"Pk")+COUNTIF(E3:AF3,"Ps"))*12 -> 0 | AL3: =SUM(E3:AF3)+COUNTIF(E3:AF3,"uw")*8+COUNTIF(E3:AF3,"us")*8+COUNTIF(E3:AF3,"uz")*8 -> 136 | AM3: =COUNTIF(A3:AE3,"DT")*8 -> 0 | AN3: 0
A4: SG214 | B4: MP | C4: CHYŁA Katarzyna | D4: =STYCZEŃ!AK4+STYCZEŃ!D4 -> #REF! | S4: ps | T4: s | U4: s | V4: s | W4: s | X4: s | Y4: s | Z4: ps | AA4: - | AB4: - | AC4: - | AD4: - | AE4: - | AF4: - | AG4: =_xlfn.CONCAT(#REF!,Tabela13[[#This Row],[FUNKCJONARIUSZ]]) -> #REF! | AH4: =AJ4+AK4+AL4-$AH$1+AM4+AN4+D4 -> #REF! | AI4: =MARZEC!AK4 -> #REF! | AJ4: =COUNTIF(E4:AF4,"D")*24+COUNTIF(E4:AF4,"12g")*12 -> 0 | AK4: =SUM(COUNTIF(E4:AF4,"k")+COUNTIF(E4:AF4,"s")+COUNTIF(E4:AF4,"wse"))*24+SUM(COUNTIF(E4:AF4,"Pk")+COUNTIF(E4:AF4,"Ps"))*12 -> 168 | AL4: =SUM(E4:AF4)+COUNTIF(E4:AF4,"uw")*8+COUNTIF(E4:AF4,"us")*8+COUNTIF(E4:AF4,"uz")*8 -> 0 | AM4: =COUNTIF(A4:AE4,"DT")*8 -> 0 | AN4: 0
A5: SG068 | B5: MP | C5: DRGAS Kamil | D5: =STYCZEŃ!AK5+STYCZEŃ!D5 -> #REF! | L5: ps | M5: s | N5: s | O5: s | P5: s | Q5: s | R5: s | S5: ps | T5: - | U5: - | V5: - | W5: - | X5: - | Y5: - | Z5: - | AD5: d | AG5: =_xlfn.CONCAT(#REF!,Tabela13[[#This Row],[FUNKCJONARIUSZ]]) -> #REF! | AH5: =AJ5+AK5+AL5-$AH$1+AM5+AN5+D5 -> #REF! | AI5: =MARZEC!AK5 -> #REF! | AJ5: =COUNTIF(E5:AF5,"D")*24+COUNTIF(E5:AF5,"12g")*12 -> 24 | AK5: =SUM(COUNTIF(E5:AF5,"k")+COUNTIF(E5:AF5,"s")+COUNTIF(E5:AF5,"wse"))*24+SUM(COUNTIF(E5:AF5,"Pk")+COUNTIF(E5:AF5,"Ps"))*12 -> 168 | AL5: =SUM(E5:AF5)+COUNTIF(E5:AF5,"uw")*8+COUNTIF(E5:AF5,"us")*8+COUNTIF(E5:AF5,"uz")*8 -> 0 | AM5: =COUNTIF(A5:AE5,"DT")*8 -> 0 | AN5: 0 | AO5: D | AP5: służba | AQ5: 24
A6: SG214 | B6: M | C6: GĄSIEWSKI Dariusz | D6: =STYCZEŃ!AK6+STYCZEŃ!D6 -> #REF! | E6: ps | F6: - | G6: - | H6: - | I6: - | J6: - | K6: - | L6: - | M6: - | N6: - | O6: - | P6: - | Q6: - | R6: - | S6: - | T6: - | U6: - | V6: - | AG6: =_xlfn.CONCAT(#REF!,Tabela13[[#This Row],[FUNKCJONARIUSZ]]) -> #REF! | AH6: =AJ6+AK6+AL6-$AH$1+AM6+AN6+D6 -> #REF! | AI6: =MARZEC!AK6 -> #REF! | AJ6: =COUNTIF(E6:AF6,"D")*24+COUNTIF(E6:AF6,"12g")*12 -> 0 | AK6: =SUM(COUNTIF(E6:AF6,"k")+COUNTIF(E6:AF6,"s")+COUNTIF(E6:AF6,"wse"))*24+SUM(COUNTIF(E6:AF6,"Pk")+COUNTIF(E6:AF6,"Ps"))*12 -> 12 | AL6: =SUM(E6:AF6)+COUNTIF(E6:AF6,"uw")*8+COUNTIF(E6:AF6,"us")*8+COUNTIF(E6:AF6,"uz")*8 -> 0 | AM6: =COUNTIF(A6:AE6,"DT")*8 -> 0 | AN6: 0 | AO6: 12g | AP6: służba gazowiec | AQ6: 12
A7: SG214 | B7: D | C7: GRZESIAK Sebastian | D7: =STYCZEŃ!AK7+STYCZEŃ!D7 -> #REF! | H7: uz | I7: uz | J7: - | K7: - | P7: ps | Q7: s | R7: s | S7: ps | T7: uz | U7: uz | V7: uz | W7: uz | X7: - | AA7: ps | AB7: s | AC7: s | AD7: ps | AG7: =_xlfn.CONCAT(#REF!,Tabela13[[#This Row],[FUNKCJONARIUSZ]]) -> #REF! | AH7: =AJ7+AK7+AL7-$AH$1+AM7+AN7+D7 -> #REF! | AI7: =MARZEC!AK7 -> #REF! | AJ7: =COUNTIF(E7:AF7,"D")*24+COUNTIF(E7:AF7,"12g")*12 -> 0 | AK7: =SUM(COUNTIF(E7:AF7,"k")+COUNTIF(E7:AF7,"s")+COUNTIF(E7:AF7,"wse"))*24+SUM(COUNTIF(E7:AF7,"Pk")+COUNTIF(E7:AF7,"Ps"))*12 -> 144 | AL7: =SUM(E7:AF7)+COUNTIF(E7:AF7,"uw")*8+COUNTIF(E7:AF7,"us")*8+COUNTIF(E7:AF7,"uz")*8 -> 48 | AM7: =COUNTIF(A7:AE7,"DT")*8 -> 0 | AN7: 0 | AO7: ps | AP7: 1/2 dyżuru | AQ7: 12
A8: SG214 | B8: D | C8: JAKIMIAK Marcin | D8: =STYCZEŃ!AK8+STYCZEŃ!D8 -> #REF! | E8: ps | F8: s | G8: s | H8: s | I8: ps | J8: - | K8: - | L8: - | M8: - | S8: d | W8: uz | X8: - | Y8: - | Z8: uz | AA8: uz | AB8: uz | AD8: ps | AE8: s | AF8: s | AG8: =_xlfn.CONCAT(#REF!,Tabela13[[#This Row],[FUNKCJONARIUSZ]]) -> #REF! | AH8: =AJ8+AK8+AL8-$AH$1+AM8+AN8+D8 -> #REF! | AI8: =MARZEC!AK8 -> #REF! | AJ8: =COUNTIF(E8:AF8,"D")*24+COUNTIF(E8:AF8,"12g")*12 -> 24 | AK8: =SUM(COUNTIF(E8:AF8,"k")+COUNTIF(E8:AF8,"s")+COUNTIF(E8:AF8,"wse"))*24+SUM(COUNTIF(E8:AF8,"Pk")+COUNTIF(E8:AF8,"Ps"))*12 -> 156 | AL8: =SUM(E8:AF8)+COUNTIF(E8:AF8,"uw")*8+COUNTIF(E8:AF8,"us")*8+COUNTIF(E8:AF8,"uz")*8 -> 32 | AM8: =COUNTIF(A8:AE8,"DT")*8 -> 0 | AN8: 0 | AO8: s | AP8: dyżur Ś-cie | AQ8: 24
A9: SG214 | B9: D | C9: KALITA Mariusz | D9: =STYCZEŃ!AK9+STYCZEŃ!D9 -> #REF! | E9: ps | F9: - | G9: - | H9: - | I9: - | J9: - | K9: - | L9: - | V9: ps | W9: s | X9: s | Y9: s | Z9: ps | AG9: =_xlfn.CONCAT(#REF!,Tabela13[[#This Row],[FUNKCJONARIUSZ]]) -> #REF! | AH9: =AJ9+AK9+AL9-$AH$1+AM9+AN9+D9 -> #REF! | AI9: =MARZEC!AK9 -> #REF! | AJ9: =COUNTIF(E9:AF9,"D")*24+COUNTIF(E9:AF9,"12g")*12 -> 0 | AK9: =SUM(COUNTIF(E9:AF9,"k")+COUNTIF(E9:AF9,"s")+COUNTIF(E9:AF9,"wse"))*24+SUM(COUNTIF(E9:AF9,"Pk")+COUNTIF(E9:AF9,"Ps"))*12 -> 108 | AL9: =SUM(E9:AF9)+COUNTIF(E9:AF9,"uw")*8+COUNTIF(E9:AF9,"us")*8+COUNTIF(E9:AF9,"uz")*8 -> 0 | AM9: =COUNTIF(A9:AE9,"DT")*8 -> 0 | AN9: 0 | AO9: us | AP9: urlop staż | AQ9: 8
A10: SG212 | B10: M | C10: ŁUKACZ Sławomir | D10: =STYCZEŃ!AK10+STYCZEŃ!D10 -> #REF! | Z10: ps | AA10: ps | AB10: ? | AC10: ? | AD10: ? | AE10: ? | AF10: ? | AG10: =_xlfn.CONCAT(#REF!,Tabela13[[#This Row],[FUNKCJONARIUSZ]]) -> #REF! | AH10: =AJ10+AK10+AL10-$AH$1+AM10+AN10+D10 -> #REF! | AI10: =MARZEC!AK10 -> #REF! | AJ10: =COUNTIF(E10:AF10,"D")*24+COUNTIF(E10:AF10,"12g")*12 -> 0 | AK10: =SUM(COUNTIF(E10:AF10,"k")+COUNTIF(E10:AF10,"s")+COUNTIF(E10:AF10,"wse"))*24+SUM(COUNTIF(E10:AF10,"Pk")+COUNTIF(E10:AF10,"Ps"))*12 -> 24 | AL10: =SUM(E10:AF10)+COUNTIF(E10:AF10,"uw")*8+COUNTIF(E10:AF10,"us")*8+COUNTIF(E10:AF10,"uz")*8 -> 0 | AM10: =COUNTIF(A10:AE10,"DT")*8 -> 0 | AN10: 0 | AO10: uw | AP10: urlop wypoczynkowy | AQ10: 8
A11: SG212 | B11: M | C11: MIZGIER Bartosz | D11: =STYCZEŃ!AK11+STYCZEŃ!D11 -> #REF! | E11: ps | F11: s | G11: s | H11: s | I11: s | J11: s | K11: s | L11: ps | M11: - | N11: - | O11: - | P11: - | Q11: - | R11: - | S11: - | AA11: ps | AB11: s | AC11: s | AD11: s | AE11: s | AF11: s | AG11: =_xlfn.CONCAT(#REF!,Tabela13[[#This Row],[FUNKCJONARIUSZ]]) -> #REF! | AH11: =AJ11+AK11+AL11-$AH$1+AM11+AN11+D11 -> #REF! | AI11: =MARZEC!AK11 -> #REF! | AJ11: =COUNTIF(E11:AF11,"D")*24+COUNTIF(E11:AF11,"12g")*12 -> 0 | AK11: =SUM(COUNTIF(E11:AF11,"k")+COUNTIF(E11:AF11,"s")+COUNTIF(E11:AF11,"wse"))*24+SUM(COUNTIF(E11:AF11,"Pk")+COUNTIF(E11:AF11,"Ps"))*12 -> 300 | AL11: =SUM(E11:AF11)+COUNTIF(E11:AF11,"uw")*8+COUNTIF(E11:AF11,"us")*8+COUNTIF(E11:AF11,"uz")*8 -> 0 | AM11: =COUNTIF(A11:AE11,"DT")*8 -> 0 | AN11: 0 | AO11: uz | AP11: urlop zaległy | AQ11: 8
A12: SG070 | B12: MP | C12: MŁYŃSKI Błażej | D12: =STYCZEŃ!AK12+STYCZEŃ!D12 -> #REF! | E12: 17 | F12: s | G12: s | H12: s | I12: s | J12: s | K12: s | L12: 15 | AG12: =_xlfn.CONCAT(#REF!,Tabela13[[#This Row],[FUNKCJONARIUSZ]]) -> #REF! | AH12: =AJ12+AK12+AL12-$AH$1+AM12+AN12+D12 -> #REF! | AI12: =MARZEC!AK12 -> #REF! | AJ12: =COUNTIF(E12:AF12,"D")*24+COUNTIF(E12:AF12,"12g")*12 -> 0 | AK12: =SUM(COUNTIF(E12:AF12,"k")+COUNTIF(E12:AF12,"s")+COUNTIF(E12:AF12,"wse"))*24+SUM(COUNTIF(E12:AF12,"Pk")+COUNTIF(E12:AF12,"Ps"))*12 -> 144 | AL12: =SUM(E12:AF12)+COUNTIF(E12:AF12,"uw")*8+COUNTIF(E12:AF12,"us")*8+COUNTIF(E12:AF12,"uz")*8 -> 32 | AM12: =COUNTIF(A12:AE12,"DT")*8 -> 0 | AN12: 0 | AO12: pk | AP12: 1/2 dyżuru | AQ12: 12
A13: SG212 | B13: ZD | C13: MOSKALONEK Hubert | D13: =STYCZEŃ!AK13+STYCZEŃ!D13 -> #REF! | K13: d | Z13: ps | AA13: ps | AB13: ? | AC13: ? | AD13: ? | AE13: ? | AF13: ? | AG13: =_xlfn.CONCAT(#REF!,Tabela13[[#This Row],[FUNKCJONARIUSZ]]) -> #REF! | AH13: =AJ13+AK13+AL13-$AH$1+AM13+AN13+D13 -> #REF! | AI13: =MARZEC!AK13 -> #REF! | AJ13: =COUNTIF(E13:AF13,"D")*24+COUNTIF(E13:AF13,"12g")*12 -> 24 | AK13: =SUM(COUNTIF(E13:AF13,"k")+COUNTIF(E13:AF13,"s")+COUNTIF(E13:AF13,"wse"))*24+SUM(COUNTIF(E13:AF13,"Pk")+COUNTIF(E13:AF13,"Ps"))*12 -> 24 | AL13: =SUM(E13:AF13)+COUNTIF(E13:AF13,"uw")*8+COUNTIF(E13:AF13,"us")*8+COUNTIF(E13:AF13,"uz")*8 -> 0 | AM13: =COUNTIF(A13:AE13,"DT")*8 -> 0 | AN13: 0 | AO13: k | AP13: dyżur K-g | AQ13: 24
A14: SG070 | B14: D | C14: NOWICKI Radosław | D14: =STYCZEŃ!AK14+STYCZEŃ!D14 -> #REF! | G14: d | J14: d | S14: ps | T14: s | U14: s | V14: s | W14: s | X14: s | Y14: s | Z14: ps | AA14: - | AB14: - | AC14: - | AD14: - | AE14: - | AF14: - | AG14: =_xlfn.CONCAT(#REF!,Tabela13[[#This Row],[FUNKCJONARIUSZ]]) -> #REF! | AH14: =AJ14+AK14+AL14-$AH$1+AM14+AN14+D14 -> #REF! | AI14: =MARZEC!AK14 -> #REF! | AJ14: =COUNTIF(E14:AF14,"D")*24+COUNTIF(E14:AF14,"12g")*12 -> 48 | AK14: =SUM(COUNTIF(E14:AF14,"k")+COUNTIF(E14:AF14,"s")+COUNTIF(E14:AF14,"wse"))*24+SUM(COUNTIF(E14:AF14,"Pk")+COUNTIF(E14:AF14,"Ps"))*12 -> 168 | AL14: =SUM(E14:AF14)+COUNTIF(E14:AF14,"uw")*8+COUNTIF(E14:AF14,"us")*8+COUNTIF(E14:AF14,"uz")*8 -> 0 | AM14: =COUNTIF(A14:AE14,"DT")*8 -> 0 | AN14: 0 | AO14: wse | AP14: WSE | AQ14: 24
A15: SG212 | B15: ZD | C15: PALUCH Łukasz | D15: =STYCZEŃ!AK15+STYCZEŃ!D15 -> #REF! | E15: l4 | F15: l4 | G15: l4 | H15: l4 | I15: l4 | J15: - | K15: - | L15: l4 | M15: l4 | N15: l4 | O15: l4 | P15: l4 | Q15: - | R15: - | S15: l4 | T15: l4 | U15: - | V15: - | Y15: D | AB15: D | AE15: D | AG15: =_xlfn.CONCAT(#REF!,Tabela13[[#This Row],[FUNKCJONARIUSZ]]) -> #REF! | AH15: =AJ15+AK15+AL15-$AH$1+AM15+AN15+D15 -> #REF! | AI15: =MARZEC!AK15 -> -95 | AJ15: =COUNTIF(E15:AF15,"D")*24+COUNTIF(E15:AF15,"12g")*12 -> 72 | AK15: =SUM(COUNTIF(E15:AF15,"k")+COUNTIF(E15:AF15,"s")+COUNTIF(E15:AF15,"wse"))*24+SUM(COUNTIF(E15:AF15,"Pk")+COUNTIF(E15:AF15,"Ps"))*12 -> 0 | AL15: =SUM(E15:AF15)+COUNTIF(E15:AF15,"uw")*8+COUNTIF(E15:AF15,"us")*8+COUNTIF(E15:AF15,"uz")*8 -> 0 | AM15: =COUNTIF(A15:AE15,"DT")*8 -> 0 | AN15: =11+(4*24) -> 107 | AO15: l4 | AP15: Zwolnienia lekarskie | AQ15: ?
A16: SG070 | B16: MP | C16: PRYCA Adam | D16: =STYCZEŃ!AK16+STYCZEŃ!D16 -> #REF! | E16: ps | F16: - | G16: uw | H16: uw | I16: uw | L16: uw | M16: uw | S16: ps | T16: s | U16: s | V16: s | W16: s | X16: s | Y16: s | Z16: ps | AG16: =_xlfn.CONCAT(#REF!,Tabela13[[#This Row],[FUNKCJONARIUSZ]]) -> #REF! | AH16: =AJ16+AK16+AL16-$AH$1+AM16+AN16+D16 -> #REF! | AI16: =MARZEC!AK16 -> #REF! | AJ16: =COUNTIF(E16:AF16,"D")*24+COUNTIF(E16:AF16,"12g")*12 -> 0 | AK16: =SUM(COUNTIF(E16:AF16,"k")+COUNTIF(E16:AF16,"s")+COUNTIF(E16:AF16,"wse"))*24+SUM(COUNTIF(E16:AF16,"Pk")+COUNTIF(E16:AF16,"Ps"))*12 -> 180 | AL16: =SUM(E16:AF16)+COUNTIF(E16:AF16,"uw")*8+COUNTIF(E16:AF16,"us")*8+COUNTIF(E16:AF16,"uz")*8 -> 40 | AM16: =COUNTIF(A16:AE16,"DT")*8 -> 0 | AN16: 0
A17: SG212 | B17: MP | C17: ROZMYTAŃSKA - PEŁECH Olga | D17: =STYCZEŃ!AK17+STYCZEŃ!D17 -> #REF! | F17: d | L17: - | Q17: d | T17: 8 | U17: 8 | V17: 8 | AG17: =_xlfn.CONCAT(#REF!,Tabela13[[#This Row],[FUNKCJONARIUSZ]]) -> #REF! | AH17: =AJ17+AK17+AL17-$AH$1+AM17+AN17+D17 -> #REF! | AI17: =MARZEC!AK17 -> #REF! | AJ17: =COUNTIF(E17:AF17,"D")*24+COUNTIF(E17:AF17,"12g")*12 -> 48 | AK17: =SUM(COUNTIF(E17:AF17,"k")+COUNTIF(E17:AF17,"s")+COUNTIF(E17:AF17,"wse"))*24+SUM(COUNTIF(E17:AF17,"Pk")+COUNTIF(E17:AF17,"Ps"))*12 -> 0 | AL17: =SUM(E17:AF17)+COUNTIF(E17:AF17,"uw")*8+COUNTIF(E17:AF17,"us")*8+COUNTIF(E17:AF17,"uz")*8 -> 24 | AM17: =COUNTIF(A17:AE17,"DT")*8 -> 0 | AN17: 0
A18: SG007 | B18: MP | C18: SAJDAK Patryk | D18: =STYCZEŃ!AK18+STYCZEŃ!D18 -> #REF! | I18: d | M18: D | S18: ps | T18: s | U18: s | V18: s | W18: s | X18: s | Y18: s | Z18: ps | AG18: =_xlfn.CONCAT(#REF!,Tabela13[[#This Row],[FUNKCJONARIUSZ]]) -> #REF! | AH18: =AJ18+AK18+AL18-$AH$1+AM18+AN18+D18 -> #REF! | AI18: =MARZEC!AK18 -> #REF! | AJ18: =COUNTIF(E18:AF18,"D")*24+COUNTIF(E18:AF18,"12g")*12 -> 48 | AK18: =SUM(COUNTIF(E18:AF18,"k")+COUNTIF(E18:AF18,"s")+COUNTIF(E18:AF18,"wse"))*24+SUM(COUNTIF(E18:AF18,"Pk")+COUNTIF(E18:AF18,"Ps"))*12 -> 168 | AL18: =SUM(E18:AF18)+COUNTIF(E18:AF18,"uw")*8+COUNTIF(E18:AF18,"us")*8+COUNTIF(E18:AF18,"uz")*8 -> 0 | AM18: =COUNTIF(A18:AE18,"DT")*8 -> 0 | AN18: 0
A19: SG214 | B19: M | C19: SPRUTTA Radosław | D19: =STYCZEŃ!AK19+STYCZEŃ!D19 -> #REF! | I19: - | S19: ps | T19: s | U19: s | V19: s | W19: s | X19: s | Y19: s | Z19: ps | AG19: =_xlfn.CONCAT(#REF!,Tabela13[[#This Row],[FUNKCJONARIUSZ]]) -> #REF! | AH19: =AJ19+AK19+AL19-$AH$1+AM19+AN19+D19 -> #REF! | AI19: =MARZEC!AK19 -> #REF! | AJ19: =COUNTIF(E19:AF19,"D")*24+COUNTIF(E19:AF19,"12g")*12 -> 0 | AK19: =SUM(COUNTIF(E19:AF19,"k")+COUNTIF(E19:AF19,"s")+COUNTIF(E19:AF19,"wse"))*24+SUM(COUNTIF(E19:AF19,"Pk")+COUNTIF(E19:AF19,"Ps"))*12 -> 168 | AL19: =SUM(E19:AF19)+COUNTIF(E19:AF19,"uw")*8+COUNTIF(E19:AF19,"us")*8+COUNTIF(E19:AF19,"uz")*8 -> 0 | AM19: =COUNTIF(A19:AE19,"DT")*8 -> 0 | AN19: 0
A20: SG070 | B20: D | C20: STRANC Andrzej | D20: =STYCZEŃ!AK20+STYCZEŃ!D20 -> #REF! | E20: uw | F20: uw | G20: uw | H20: uw | I20: uw | L20: V | P20: D | S20: - | AA20: ps | AB20: s | AC20: s | AD20: ps | AG20: =_xlfn.CONCAT(#REF!,Tabela13[[#This Row],[FUNKCJONARIUSZ]]) -> #REF! | AH20: =AJ20+AK20+AL20-$AH$1+AM20+AN20+D20 -> #REF! | AI20: =MARZEC!AK20 -> #REF! | AJ20: =COUNTIF(E20:AF20,"D")*24+COUNTIF(E20:AF20,"12g")*12 -> 24 | AK20: =SUM(COUNTIF(E20:AF20,"k")+COUNTIF(E20:AF20,"s")+COUNTIF(E20:AF20,"wse"))*24+SUM(COUNTIF(E20:AF20,"Pk")+COUNTIF(E20:AF20,"Ps"))*12 -> 72 | AL20: =SUM(E20:AF20)+COUNTIF(E20:AF20,"uw")*8+COUNTIF(E20:AF20,"us")*8+COUNTIF(E20:AF20,"uz")*8 -> 40 | AM20: =COUNTIF(A20:AE20,"DT")*8 -> 0 | AN20: 0
A21: SG212 | B21: D | C21: SZCZEPANIAK Zbigniew | D21: =STYCZEŃ!AK21+STYCZEŃ!D21 -> #REF! | I21: - | T21: d | X21: d | AC21: 12 | AG21: =_xlfn.CONCAT(#REF!,Tabela13[[#This Row],[FUNKCJONARIUSZ]]) -> #REF! | AH21: =AJ21+AK21+AL21-$AH$1+AM21+AN21+D21 -> #REF! | AI21: =MARZEC!AK21 -> #REF! | AJ21: =COUNTIF(E21:AF21,"D")*24+COUNTIF(E21:AF21,"12g")*12 -> 48 | AK21: =SUM(COUNTIF(E21:AF21,"k")+COUNTIF(E21:AF21,"s")+COUNTIF(E21:AF21,"wse"))*24+SUM(COUNTIF(E21:AF21,"Pk")+COUNTIF(E21:AF21,"Ps"))*12 -> 0 | AL21: =SUM(E21:AF21)+COUNTIF(E21:AF21,"uw")*8+COUNTIF(E21:AF21,"us")*8+COUNTIF(E21:AF21,"uz")*8 -> 12 | AM21: =COUNTIF(A21:AE21,"DT")*8 -> 0 | AN21: 0
A22: SG068 | B22: D | C22: SZNAJDER Wiktor | D22: =STYCZEŃ!AK22+STYCZEŃ!D22 -> #REF! | L22: ps | M22: s | N22: s | O22: s | P22: s | Q22: s | R22: s | S22: ps | T22: - | U22: - | V22: - | W22: - | X22: - | Y22: - | Z22: d | AA22: ? | AB22: ? | AC22: ? | AD22: ? | AE22: ? | AF22: ? | AG22: =_xlfn.CONCAT(#REF!,Tabela13[[#This Row],[FUNKCJONARIUSZ]]) -> #REF! | AH22: =AJ22+AK22+AL22-$AH$1+AM22+AN22+D22 -> #REF! | AI22: =MARZEC!AK22 -> #REF! | AJ22: =COUNTIF(E22:AF22,"D")*24+COUNTIF(E22:AF22,"12g")*12 -> 24 | AK22: =SUM(COUNTIF(E22:AF22,"k")+COUNTIF(E22:AF22,"s")+COUNTIF(E22:AF22,"wse"))*24+SUM(COUNTIF(E22:AF22,"Pk")+COUNTIF(E22:AF22,"Ps"))*12 -> 168 | AL22: =SUM(E22:AF22)+COUNTIF(E22:AF22,"uw")*8+COUNTIF(E22:AF22,"us")*8+COUNTIF(E22:AF22,"uz")*8 -> 0 | AM22: =COUNTIF(A22:AE22,"DT")*8 -> 0 | AN22: 0
A23: SG214 | B23: ZD | C23: SZYMAŃSKI Tomasz Paweł | D23: =STYCZEŃ!AK23+STYCZEŃ!D23 -> #REF! | E23: us | F23: us | G23: us | H23: us | I23: us | J23: - | K23: - | L23: us | M23: us | N23: us | O23: us | P23: us | S23: uw | T23: uw | U23: uw | Z23: ps | AA23: ps | AB23: ? | AC23: ? | AD23: ? | AE23: ? | AF23: ? | AG23: =_xlfn.CONCAT(#REF!,Tabela13[[#This Row],[FUNKCJONARIUSZ]]) -> #REF! | AH23: =AJ23+AK23+AL23-$AH$1+AM23+AN23+D23 -> #REF! | AI23: =MARZEC!AK23 -> #REF! | AJ23: =COUNTIF(E23:AF23,"D")*24+COUNTIF(E23:AF23,"12g")*12 -> 0 | AK23: =SUM(COUNTIF(E23:AF23,"k")+COUNTIF(E23:AF23,"s")+COUNTIF(E23:AF23,"wse"))*24+SUM(COUNTIF(E23:AF23,"Pk")+COUNTIF(E23:AF23,"Ps"))*12 -> 24 | AL23: =SUM(E23:AF23)+COUNTIF(E23:AF23,"uw")*8+COUNTIF(E23:AF23,"us")*8+COUNTIF(E23:AF23,"uz")*8 -> 104 | AM23: =COUNTIF(A23:AE23,"DT")*8 -> 0 | AN23: 0
A24: SG212 | B24: D | C24: ŚWIREPO Piotr | D24: =STYCZEŃ!AK24+STYCZEŃ!D24 -> #REF! | H24: d | L24: ps | M24: s | N24: s | O24: s | P24: s | Q24: s | R24: s | S24: ps | T24: - | U24: - | V24: - | W24: - | X24: - | Y24: - | Z24: - | AA24: d | AD24: - | AG24: =_xlfn.CONCAT(#REF!,Tabela13[[#This Row],[FUNKCJONARIUSZ]]) -> #REF! | AH24: =AJ24+AK24+AL24-$AH$1+AM24+AN24+D24 -> #REF! | AI24: =MARZEC!AK24 -> #REF! | AJ24: =COUNTIF(E24:AF24,"D")*24+COUNTIF(E24:AF24,"12g")*12 -> 48 | AK24: =SUM(COUNTIF(E24:AF24,"k")+COUNTIF(E24:AF24,"s")+COUNTIF(E24:AF24,"wse"))*24+SUM(COUNTIF(E24:AF24,"Pk")+COUNTIF(E24:AF24,"Ps"))*12 -> 168 | AL24: =SUM(E24:AF24)+COUNTIF(E24:AF24,"uw")*8+COUNTIF(E24:AF24,"us")*8+COUNTIF(E24:AF24,"uz")*8 -> 0 | AM24: =COUNTIF(A24:AE24,"DT")*8 -> 0 | AN24: 0
A25: SG068 | B25: MPp | C25: WALCZAK Oskar | D25: 4 | G25: 12 | L25: 24 | P25: 12 | Q25: 24 | T25: 12 | U25: 4 | V25: 8 | Y25: 16 | Z25: 8 | AB25: 12 | AC25: 4 | AD25: 8 | AF25: 16 | AG25: =_xlfn.CONCAT(#REF!,Tabela13[[#This Row],[FUNKCJONARIUSZ]]) -> #REF! | AH25: =AJ25+AK25+AL25-$AH$1+AM25+AN25+D25 -> 4 | AI25: =MARZEC!AK25 -> #REF! | AJ25: =COUNTIF(E25:AF25,"D")*24+COUNTIF(E25:AF25,"12g")*12 -> 0 | AK25: =SUM(COUNTIF(E25:AF25,"k")+COUNTIF(E25:AF25,"s")+COUNTIF(E25:AF25,"wse"))*24+SUM(COUNTIF(E25:AF25,"Pk")+COUNTIF(E25:AF25,"Ps"))*12 -> 0 | AL25: =SUM(E25:AF25)+COUNTIF(E25:AF25,"uw")*8+COUNTIF(E25:AF25,"us")*8+COUNTIF(E25:AF25,"uz")*8 -> 160 | AM25: =COUNTIF(A25:AE25,"DT")*8 -> 0 | AN25: 0 | AO25: =SUM(G25:AF25) -> 160
A26: SG214 | B26: ZD | C26: WALKOWIAK Wojciech | D26: =STYCZEŃ!AK26+STYCZEŃ!D26 -> #REF! | E26: ps | F26: - | G26: - | H26: - | I26: - | J26: - | K26: - | L26: - | T26: 12g | V26: d | AB26: 12g | AG26: =_xlfn.CONCAT(#REF!,Tabela13[[#This Row],[FUNKCJONARIUSZ]]) -> #REF! | AH26: =AJ26+AK26+AL26-$AH$1+AM26+AN26+D26 -> #REF! | AI26: =MARZEC!AK26 -> #REF! | AJ26: =COUNTIF(E26:AF26,"D")*24+COUNTIF(E26:AF26,"12g")*12 -> 48 | AK26: =SUM(COUNTIF(E26:AF26,"k")+COUNTIF(E26:AF26,"s")+COUNTIF(E26:AF26,"wse"))*24+SUM(COUNTIF(E26:AF26,"Pk")+COUNTIF(E26:AF26,"Ps"))*12 -> 12 | AL26: =SUM(E26:AF26)+COUNTIF(E26:AF26,"uw")*8+COUNTIF(E26:AF26,"us")*8+COUNTIF(E26:AF26,"uz")*8 -> 0 | AM26: =COUNTIF(A26:AE26,"DT")*8 -> 0 | AN26: 0
A27: SG068 | B27: D | C27: WERSZNER Piotr | D27: =STYCZEŃ!AK27+STYCZEŃ!D27 -> #REF! | E27: 8 | F27: 8 | G27: 8 | H27: 8 | I27: 1.5 | L27: d | O27: D | R27: d | U27: d | AA27: 12g | AC27: D | AF27: 16 | AG27: =_xlfn.CONCAT(#REF!,Tabela13[[#This Row],[FUNKCJONARIUSZ]]) -> #REF! | AH27: =AJ27+AK27+AL27-$AH$1+AM27+AN27+D27 -> #REF! | AI27: =MARZEC!AK27 -> #REF! | AJ27: =COUNTIF(E27:AF27,"D")*24+COUNTIF(E27:AF27,"12g")*12 -> 132 | AK27: =SUM(COUNTIF(E27:AF27,"k")+COUNTIF(E27:AF27,"s")+COUNTIF(E27:AF27,"wse"))*24+SUM(COUNTIF(E27:AF27,"Pk")+COUNTIF(E27:AF27,"Ps"))*12 -> 0 | AL27: =SUM(E27:AF27)+COUNTIF(E27:AF27,"uw")*8+COUNTIF(E27:AF27,"us")*8+COUNTIF(E27:AF27,"uz")*8 -> 49.5 | AM27: =COUNTIF(A27:AE27,"DT")*8 -> 0 | AN27: 0
A28: SG212 | B28: D | C28: WILCZEK Krzysztof | D28: =STYCZEŃ!AK28+STYCZEŃ!D28 -> #REF! | M28: 8 | N28: D | S28: 17 | T28: s | U28: s | V28: 15 | W28: 8 | Z28: 8 | AA28: 8 | AB28: 8 | AC28: 8 | AD28: 8 | AE28: - | AF28: - | AG28: =_xlfn.CONCAT(#REF!,Tabela13[[#This Row],[FUNKCJONARIUSZ]]) -> #REF! | AH28: =AJ28+AK28+AL28-$AH$1+AM28+AN28+D28 -> #REF! | AI28: =MARZEC!AK28 -> #REF! | AJ28: =COUNTIF(E28:AF28,"D")*24+COUNTIF(E28:AF28,"12g")*12 -> 24 | AK28: =SUM(COUNTIF(E28:AF28,"k")+COUNTIF(E28:AF28,"s")+COUNTIF(E28:AF28,"wse"))*24+SUM(COUNTIF(E28:AF28,"Pk")+COUNTIF(E28:AF28,"Ps"))*12 -> 48 | AL28: =SUM(E28:AF28)+COUNTIF(E28:AF28,"uw")*8+COUNTIF(E28:AF28,"us")*8+COUNTIF(E28:AF28,"uz")*8 -> 88 | AM28: =COUNTIF(A28:AE28,"DT")*8 -> 0 | AN28: 0
A29: SG068 | B29: M | C29: WITWICKI Adrian | D29: =STYCZEŃ!AK29+STYCZEŃ!D29 -> #REF! | E29: d | P29: uz | Q29: - | R29: - | S29: uz | T29: uz | U29: uz | V29: uz | AG29: =_xlfn.CONCAT(#REF!,Tabela13[[#This Row],[FUNKCJONARIUSZ]]) -> #REF! | AH29: =AJ29+AK29+AL29-$AH$1+AM29+AN29+D29 -> #REF! | AI29: =MARZEC!AK29 -> #REF! | AJ29: =COUNTIF(E29:AF29,"D")*24+COUNTIF(E29:AF29,"12g")*12 -> 24 | AK29: =SUM(COUNTIF(E29:AF29,"k")+COUNTIF(E29:AF29,"s")+COUNTIF(E29:AF29,"wse"))*24+SUM(COUNTIF(E29:AF29,"Pk")+COUNTIF(E29:AF29,"Ps"))*12 -> 0 | AL29: =SUM(E29:AF29)+COUNTIF(E29:AF29,"uw")*8+COUNTIF(E29:AF29,"us")*8+COUNTIF(E29:AF29,"uz")*8 -> 40 | AM29: =COUNTIF(A29:AE29,"DT")*8 -> 0 | AN29: 0
A30: SG212 | B30: ZD | C30: ZAJĄC Rafał | D30: =STYCZEŃ!AK30+STYCZEŃ!D30 -> #REF! | E30: ps | F30: s | G30: s | H30: s | I30: s | J30: s | K30: s | L30: ps | M30: - | N30: - | O30: - | P30: - | Q30: - | R30: - | S30: - | T30: 8 | U30: 8 | V30: 8 | W30: d | AA30: ps | AB30: s | AC30: s | AD30: s | AE30: S | AF30: S | AG30: =_xlfn.CONCAT(#REF!,Tabela13[[#This Row],[FUNKCJONARIUSZ]]) -> #REF! | AH30: =AJ30+AK30+AL30-$AH$1+AM30+AN30+D30 -> #REF! | AI30: =MARZEC!AK30 -> #REF! | AJ30: =COUNTIF(E30:AF30,"D")*24+COUNTIF(E30:AF30,"12g")*12 -> 24 | AK30: =SUM(COUNTIF(E30:AF30,"k")+COUNTIF(E30:AF30,"s")+COUNTIF(E30:AF30,"wse"))*24+SUM(COUNTIF(E30:AF30,"Pk")+COUNTIF(E30:AF30,"Ps"))*12 -> 300 | AL30: =SUM(E30:AF30)+COUNTIF(E30:AF30,"uw")*8+COUNTIF(E30:AF30,"us")*8+COUNTIF(E30:AF30,"uz")*8 -> 24 | AM30: =COUNTIF(A30:AE30,"DT")*8 -> 0 | AN30: 0
A31: SG007 | B31: D | C31: ZATWARNICKA Joanna | D31: =STYCZEŃ!AK31+STYCZEŃ!D31 -> #REF! | E31: - | F31: - | G31: - | H31: - | I31: - | J31: - | K31: - | L31: uz | M31: uz | N31: uz | O31: uz | P31: uz | Q31: - | R31: - | S31: uz | T31: uz | U31: uz | V31: uz | W31: uz | Z31: ps | AA31: ps | AB31: ? | AC31: ? | AD31: ? | AE31: ? | AF31: ? | AG31: =_xlfn.CONCAT(#REF!,Tabela13[[#This Row],[FUNKCJONARIUSZ]]) -> #REF! | AH31: =AJ31+AK31+AL31-$AH$1+AM31+AN31+D31 -> #REF! | AI31: =MARZEC!AK31 -> #REF! | AJ31: =COUNTIF(E31:AF31,"D")*24+COUNTIF(E31:AF31,"12g")*12 -> 0 | AK31: =SUM(COUNTIF(E31:AF31,"k")+COUNTIF(E31:AF31,"s")+COUNTIF(E31:AF31,"wse"))*24+SUM(COUNTIF(E31:AF31,"Pk")+COUNTIF(E31:AF31,"Ps"))*12 -> 24 | AL31: =SUM(E31:AF31)+COUNTIF(E31:AF31,"uw")*8+COUNTIF(E31:AF31,"us")*8+COUNTIF(E31:AF31,"uz")*8 -> 80 | AM31: =COUNTIF(A31:AE31,"DT")*8 -> 0 | AN31: 0
A32: SG212 | B32: M | C32: ZEMBRZUSKI Krzysztof | D32: =STYCZEŃ!AK32+STYCZEŃ!D32 -> #REF! | E32: uz | F32: uz | G32: uz | H32: uz | I32: uz | J32: - | K32: - | L32: uz | S32: ps | T32: s | U32: s | V32: s | W32: s | X32: s | Y32: s | Z32: ps | AA32: - | AB32: - | AC32: - | AD32: - | AE32: - | AF32: - | AG32: =_xlfn.CONCAT(#REF!,Tabela13[[#This Row],[FUNKCJONARIUSZ]]) -> #REF! | AH32: =AJ32+AK32+AL32-$AH$1+AM32+AN32+D32 -> #REF! | AI32: =MARZEC!AK32 -> #REF! | AJ32: =COUNTIF(E32:AF32,"D")*24+COUNTIF(E32:AF32,"12g")*12 -> 0 | AK32: =SUM(COUNTIF(E32:AF32,"k")+COUNTIF(E32:AF32,"s")+COUNTIF(E32:AF32,"wse"))*24+SUM(COUNTIF(E32:AF32,"Pk")+COUNTIF(E32:AF32,"Ps"))*12 -> 168 | AL32: =SUM(E32:AF32)+COUNTIF(E32:AF32,"uw")*8+COUNTIF(E32:AF32,"us")*8+COUNTIF(E32:AF32,"uz")*8 -> 48 | AM32: =COUNTIF(A32:AE32,"DT")*8 -> 0 | AN32: 0
C34: SŁUŻBA Ś-CIE | E34: =COUNTIF(E2:E32,"D") -> 1 | F34: =COUNTIF(F2:F32,"D") -> 1 | G34: =COUNTIF(G2:G32,"D") -> 1 | H34: =COUNTIF(H2:H32,"D") -> 1 | I34: =COUNTIF(I2:I32,"D") -> 1 | J34: =COUNTIF(J2:J32,"D") -> 1 | K34: =COUNTIF(K2:K32,"D") -> 1 | L34: =COUNTIF(L2:L32,"D") -> 1 | ... AF34: =COUNTIF(AF2:AF32,"D") -> 0
C35: SŁUŻBA K-G | E35: =COUNTIF(E54:E104,"D") -> 2 | F35: =COUNTIF(F54:F104,"D") -> 2 | G35: =COUNTIF(G54:G104,"D") -> 2 | H35: =COUNTIF(H54:H104,"D") -> 2 | I35: =COUNTIF(I54:I104,"D") -> 2 | J35: =COUNTIF(J54:J104,"D") -> 2 | K35: =COUNTIF(K54:K104,"D") -> 2 | L35: =COUNTIF(L54:L104,"D") -> 2 | ... AF35: =COUNTIF(AF54:AF104,"D") -> 2
C36: DYŻUR Ś-CIE | E36: =COUNTIF(E2:E32,"S")+COUNTIF(E54:E104,"S") -> 0 | F36: =COUNTIF(F2:F32,"S")+COUNTIF(F54:F104,"S") -> 4 | G36: =COUNTIF(G2:G32,"S")+COUNTIF(G54:G104,"S") -> 4 | H36: =COUNTIF(H2:H32,"S")+COUNTIF(H54:H104,"S") -> 4 | I36: =COUNTIF(I2:I32,"S")+COUNTIF(I54:I104,"S") -> 3 | J36: =COUNTIF(J2:J32,"S")+COUNTIF(J54:J104,"S") -> 4 | K36: =COUNTIF(K2:K32,"S")+COUNTIF(K54:K104,"S") -> 4 | L36: =COUNTIF(L2:L32,"S")+COUNTIF(L54:L104,"S") -> 0 | ... AF36: =COUNTIF(AF2:AF32,"S")+COUNTIF(AF54:AF104,"S") -> 6
C37: DYŻUR K-G | E37: =COUNTIF(E2:E32,"K")+COUNTIF(E54:E104,"K") -> 4 | F37: =COUNTIF(F2:F32,"K")+COUNTIF(F54:F104,"K") -> 0 | G37: =COUNTIF(G2:G32,"K")+COUNTIF(G54:G104,"K") -> 4 | H37: =COUNTIF(H2:H32,"K")+COUNTIF(H54:H104,"K") -> 4 | I37: =COUNTIF(I2:I32,"K")+COUNTIF(I54:I104,"K") -> 3 | J37: =COUNTIF(J2:J32,"K")+COUNTIF(J54:J104,"K") -> 4 | K37: =COUNTIF(K2:K32,"K")+COUNTIF(K54:K104,"K") -> 4 | L37: =COUNTIF(L2:L32,"K")+COUNTIF(L54:L104,"K") -> 4 | ... AF37: =COUNTIF(AF2:AF32,"K")+COUNTIF(AF54:AF104,"K") -> 4
C39: DYŻUR Ś-CIE | F39: JAKIMIAK | J39: BORZĘCKI | M39: ŚWIREPO | Q39: ŚWIREPO | T39: WILCZEK | X39: KALITA | AE39: JAKIMIAK
F40: ZAJĄC | J40: ZAJĄC | M40: SZNAJDER | Q40: SZNAJDER | T40: NOWICKI | X40: NOWICKI
F41: MIZGIER | J41: MIZGIER | M41: BARTOSIEWICZ | Q41: BARTOSIEWICZ | T41: ZEMBRZUSKI | X41: ZEMBRZUSKI | AE41: mizgier
F42: MŁYŃSKI | J42: MŁYŃSKI | M42: DRGAS | Q42: DRGAS | T42: SPRUTTA | X42: SPRUTTA
T43: CHYŁY
T44: PRYCA
T45: BORZĘCKI+SAJDAK+SUSZEK
C47: DYŻUR K-G | F47: GRZEGORCZY | J47: GRZEGORCZY | M47: KUSIAK | Q47: KUSIAK | T47: KUKIEŁKA | X47: KUKIEŁKA | AA47: GRZEGORCZYK | AE47: PADJAS
F48: GĘBALA | J48: GĘBALA | M48: STOPA | Q48: STOPA | T48: SCHEEL | X48: SCHEEL | AA48: KOSTRZEWSKI | AE48: KOSTRZEWSKI
F49: ZAWOLIK | J49: ZAWOLIK | M49: BUDZISŁAWSKI | Q49: BUDZISŁAWSKI | T49: MATUK | X49: MATUK | AA49: ORZECHOWSKI | AE49: ORZECHOWSKI
F50: KOMOSA | J50: KOMOSA | M50: LISEWSKI | Q50: LISEWSKI | T50: ZAWOLIK | X50: ZAWOLIK | AA50: PAWŁOWSKA | AE50: PAWŁOWSKA
A53: SG | E53: 44228 | F53: 44229 | G53: 44230 | H53: 44231 | I53: 44232 | J53: 44233 | K53: 44234 | L53: 44235 | M53: 44236 | N53: 44237 | O53: 44238 | P53: 44239 | Q53: 44240 | R53: 44241 | S53: 44242 | T53: 44243 | U53: 44244 | V53: 44245 | W53: 44246 | X53: 44247 | Y53: 44248 | Z53: 44249 | AA53: 44250 | AB53: 44251 | AC53: 44252 | AD53: 44253 | AE53: 44254 | AF53: 44255 | AH53: 160
A54: SG312 | B54: ZD | C54: BARAN Marek | D54: =#REF! -> #REF! | F54: 17 | G54: k | H54: k | I54: 15 | N54: 8 | O54: 8 | S54: 7 | W54: d | AA54: 7 | AB54: 8 | AG54: =_xlfn.CONCAT(#REF!,#REF!) -> #REF! | AH54: =D54+AJ54+AK54+AL54-$AH$1+AM54+AN54 -> #REF! | AI54: =MARZEC!AK51 -> #REF! | AJ54: =COUNTIF(E54:AF54,"D")*24+COUNTIF(E54:AF54,"12g")*12 -> 24 | AK54: =SUM(COUNTIF(E54:AF54,"k")+COUNTIF(E54:AF54,"s")+COUNTIF(E54:AF54,"wse"))*24+SUM(COUNTIF(E54:AF54,"Pk")+COUNTIF(E54:AF54,"Ps"))*12 -> 48 | AL54: =SUM(E54:AF54)+COUNTIF(E54:AF54,"uw")*8+COUNTIF(E54:AF54,"us")*8+COUNTIF(E54:AF54,"uz")*8+COUNTIF(E54:AF54,"u")*8 -> 70 | AM54: =COUNTIF(A54:AE54,"DT")*8 -> 0
A55: SG216 | B55: M | C55: BARTOSIEWICZ Tomasz | D55: =#REF! -> #REF! | H55: uz | I55: uz | L55: 17 | M55: s | N55: s | O55: s | P55: s | Q55: s | R55: s | S55: 15 | AG55: =_xlfn.CONCAT(#REF!,#REF!) -> #REF! | AH55: =D55+AJ55+AK55+AL55-$AH$1+AM55+AN55 -> #REF! | AI55: =MARZEC!AK52 -> #REF! | AJ55: =COUNTIF(E55:AF55,"D")*24+COUNTIF(E55:AF55,"12g")*12 -> 0 | AK55: =SUM(COUNTIF(E55:AF55,"k")+COUNTIF(E55:AF55,"s")+COUNTIF(E55:AF55,"wse"))*24+SUM(COUNTIF(E55:AF55,"Pk")+COUNTIF(E55:AF55,"Ps"))*12 -> 144 | AL55: =SUM(E55:AF55)+COUNTIF(E55:AF55,"uw")*8+COUNTIF(E55:AF55,"us")*8+COUNTIF(E55:AF55,"uz")*8+COUNTIF(E55:AF55,"u")*8 -> 48 | AM55: =COUNTIF(A55:AE55,"DT")*8 -> 0
A56: SG214 | B56: M | C56: BUDZISŁAWSKI Sebastian | D56: =#REF! -> #REF! | E56: 8 | M56: 15.5 | N56: k | O56: k | P56: k | Q56: k | R56: k | S56: k | T56: 13 | AG56: =_xlfn.CONCAT(#REF!,#REF!) -> #REF! | AH56: =D56+AJ56+AK56+AL56-$AH$1+AM56+AN56 -> #REF! | AI56: =MARZEC!AK53 -> #REF! | AJ56: =COUNTIF(E56:AF56,"D")*24+COUNTIF(E56:AF56,"12g")*12 -> 0 | AK56: =SUM(COUNTIF(E56:AF56,"k")+COUNTIF(E56:AF56,"s")+COUNTIF(E56:AF56,"wse"))*24+SUM(COUNTIF(E56:AF56,"Pk")+COUNTIF(E56:AF56,"Ps"))*12 -> 144 | AL56: =SUM(E56:AF56)+COUNTIF(E56:AF56,"uw")*8+COUNTIF(E56:AF56,"us")*8+COUNTIF(E56:AF56,"uz")*8+COUNTIF(E56:AF56,"u")*8 -> 36.5 | AM56: =COUNTIF(A56:AE56,"DT")*8 -> 0
A57: SG312 | B57: MP | C57: CHĘCIŃSKI Piotr | D57: =#REF! -> #REF! | G57: u | L57: d | N57: 8 | O57: 8 | R57: d | Y57: d | AE57: d | AG57: =_xlfn.CONCAT(#REF!,#REF!) -> #REF! | AH57: =D57+AJ57+AK57+AL57-$AH$1+AM57+AN57 -> #REF! | AI57: =MARZEC!AK54 -> #REF! | AJ57: =COUNTIF(E57:AF57,"D")*24+COUNTIF(E57:AF57,"12g")*12 -> 96 | AK57: =SUM(COUNTIF(E57:AF57,"k")+COUNTIF(E57:AF57,"s")+COUNTIF(E57:AF57,"wse"))*24+SUM(COUNTIF(E57:AF57,"Pk")+COUNTIF(E57:AF57,"Ps"))*12 -> 0 | AL57: =SUM(E57:AF57)+COUNTIF(E57:AF57,"uw")*8+COUNTIF(E57:AF57,"us")*8+COUNTIF(E57:AF57,"uz")*8+COUNTIF(E57:AF57,"u")*8 -> 24 | AM57: =COUNTIF(A57:AE57,"DT")*8 -> 0
A58: SG046 | B58: D | C58: CHŁOPECKI Przemysław | D58: =#REF! -> #REF! | E58: 8 | F58: 8 | G58: 8 | H58: 8 | M58: U | N58: U | O58: U | P58: U | Q58: - | R58: - | S58: U | AG58: =_xlfn.CONCAT(#REF!,#REF!) -> #REF! | AH58: =D58+AJ58+AK58+AL58-$AH$1+AM58+AN58 -> #REF! | AI58: =MARZEC!AK55 -> #REF! | AJ58: =COUNTIF(E58:AF58,"D")*24+COUNTIF(E58:AF58,"12g")*12 -> 0 | AK58: =SUM(COUNTIF(E58:AF58,"k")+COUNTIF(E58:AF58,"s")+COUNTIF(E58:AF58,"wse"))*24+SUM(COUNTIF(E58:AF58,"Pk")+COUNTIF(E58:AF58,"Ps"))*12 -> 0 | AL58: =SUM(E58:AF58)+COUNTIF(E58:AF58,"uw")*8+COUNTIF(E58:AF58,"us")*8+COUNTIF(E58:AF58,"uz")*8+COUNTIF(E58:AF58,"u")*8 -> 72 | AM58: =COUNTIF(A58:AE58,"DT")*8 -> 0
A59: SG212 | B59: M | C59: CHUDZIAK Dariusz | D59: =#REF! -> #REF! | E59: d | L59: u | M59: u | N59: u | O59: u | P59: u | AA59: ps | AB59: s | AC59: s | AD59: ps | AG59: =_xlfn.CONCAT(#REF!,#REF!) -> #REF! | AH59: =D59+AJ59+AK59+AL59-$AH$1+AM59+AN59 -> #REF! | AI59: =MARZEC!AK56 -> #REF! | AJ59: =COUNTIF(E59:AF59,"D")*24+COUNTIF(E59:AF59,"12g")*12 -> 24 | AK59: =SUM(COUNTIF(E59:AF59,"k")+COUNTIF(E59:AF59,"s")+COUNTIF(E59:AF59,"wse"))*24+SUM(COUNTIF(E59:AF59,"Pk")+COUNTIF(E59:AF59,"Ps"))*12 -> 72 | AL59: =SUM(E59:AF59)+COUNTIF(E59:AF59,"uw")*8+COUNTIF(E59:AF59,"us")*8+COUNTIF(E59:AF59,"uz")*8+COUNTIF(E59:AF59,"u")*8 -> 40 | AM59: =COUNTIF(A59:AE59,"DT")*8 -> 0
A60: SG312 | B60: D | C60: FIR Paweł | D60: =#REF! -> #REF! | E60: 7.5 | F60: 7.5 | G60: 8 | H60: 8.5 | I60: 1 | L60: 8 | M60: 6.5 | N60: 7 | O60: d | AG60: =_xlfn.CONCAT(#REF!,#REF!) -> #REF! | AH60: =D60+AJ60+AK60+AL60-$AH$1+AM60+AN60 -> #REF! | AI60: =MARZEC!AK57 -> #REF! | AJ60: =COUNTIF(E60:AF60,"D")*24+COUNTIF(E60:AF60,"12g")*12 -> 24 | AK60: =SUM(COUNTIF(E60:AF60,"k")+COUNTIF(E60:AF60,"s")+COUNTIF(E60:AF60,"wse"))*24+SUM(COUNTIF(E60:AF60,"Pk")+COUNTIF(E60:AF60,"Ps"))*12 -> 0 | AL60: =SUM(E60:AF60)+COUNTIF(E60:AF60,"uw")*8+COUNTIF(E60:AF60,"us")*8+COUNTIF(E60:AF60,"uz")*8+COUNTIF(E60:AF60,"u")*8 -> 54 | AM60: =COUNTIF(A60:AE60,"DT")*8 -> 0
A61: SG006 | B61: D | C61: GĘBALA Miłosz | D61: =#REF! -> #REF! | F61: 17 | G61: k | H61: k | I61: k | J61: k | K61: k | L61: k | M61: 12 | P61: 8 | S61: 8 | T61: 7 | AG61: =_xlfn.CONCAT(#REF!,#REF!) -> #REF! | AH61: =D61+AJ61+AK61+AL61-$AH$1+AM61+AN61 -> #REF! | AI61: =MARZEC!AK58 -> #REF! | AJ61: =COUNTIF(E61:AF61,"D")*24+COUNTIF(E61:AF61,"12g")*12 -> 0 | AK61: =SUM(COUNTIF(E61:AF61,"k")+COUNTIF(E61:AF61,"s")+COUNTIF(E61:AF61,"wse"))*24+SUM(COUNTIF(E61:AF61,"Pk")+COUNTIF(E61:AF61,"Ps"))*12 -> 144 | AL61: =SUM(E61:AF61)+COUNTIF(E61:AF61,"uw")*8+COUNTIF(E61:AF61,"us")*8+COUNTIF(E61:AF61,"uz")*8+COUNTIF(E61:AF61,"u")*8 -> 52 | AM61: =COUNTIF(A61:AE61,"DT")*8 -> 0
A62: SG212 | B62: D | C62: GRZEGORCZYK Tomasz | D62: =#REF! -> #REF! | I62: 17 | J62: k | K62: k | L62: k | M62: pk | AA62: pk | AB62: k | AC62: k | AD62: pk | AG62: =_xlfn.CONCAT(#REF!,#REF!) -> #REF! | AH62: =D62+AJ62+AK62+AL62-$AH$1+AM62+AN62 -> #REF! | AI62: =MARZEC!AK59 -> #REF! | AJ62: =COUNTIF(E62:AF62,"D")*24+COUNTIF(E62:AF62,"12g")*12 -> 0 | AK62: =SUM(COUNTIF(E62:AF62,"k")+COUNTIF(E62:AF62,"s")+COUNTIF(E62:AF62,"wse"))*24+SUM(COUNTIF(E62:AF62,"Pk")+COUNTIF(E62:AF62,"Ps"))*12 -> 156 | AL62: =SUM(E62:AF62)+COUNTIF(E62:AF62,"uw")*8+COUNTIF(E62:AF62,"us")*8+COUNTIF(E62:AF62,"uz")*8+COUNTIF(E62:AF62,"u")*8 -> 17 | AM62: =COUNTIF(A62:AE62,"DT")*8 -> 0
A63: SG312 | B63: MP | C63: JACUŃSKI Andrzej | D63: =#REF! -> #REF! | E63: 8 | F63: d | J63: d | L63: 8 | M63: 7 | N63: 8 | Q63: d | AD63: ps | AE63: s | AF63: s | AG63: =_xlfn.CONCAT(#REF!,#REF!) -> #REF! | AH63: =D63+AJ63+AK63+AL63-$AH$1+AM63+AN63 -> #REF! | AI63: =MARZEC!AK60 -> #REF! | AJ63: =COUNTIF(E63:AF63,"D")*24+COUNTIF(E63:AF63,"12g")*12 -> 72 | AK63: =SUM(COUNTIF(E63:AF63,"k")+COUNTIF(E63:AF63,"s")+COUNTIF(E63:AF63,"wse"))*24+SUM(COUNTIF(E63:AF63,"Pk")+COUNTIF(E63:AF63,"Ps"))*12 -> 60 | AL63: =SUM(E63:AF63)+COUNTIF(E63:AF63,"uw")*8+COUNTIF(E63:AF63,"us")*8+COUNTIF(E63:AF63,"uz")*8+COUNTIF(E63:AF63,"u")*8 -> 31 | AM63: =COUNTIF(A63:AE63,"DT")*8 -> 0
A64: SG312 | B64: ZD | C64: JAROCKI Rafał | D64: =#REF! -> #REF! | E64: 8 | F64: 8 | G64: 8 | H64: d | L64: 8 | M64: 8 | N64: 8 | O64: d | AG64: =_xlfn.CONCAT(#REF!,#REF!) -> #REF! | AH64: =D64+AJ64+AK64+AL64-$AH$1+AM64+AN64 -> #REF! | AI64: =MARZEC!AK61 -> #REF! | AJ64: =COUNTIF(E64:AF64,"D")*24+COUNTIF(E64:AF64,"12g")*12 -> 48 | AK64: =SUM(COUNTIF(E64:AF64,"k")+COUNTIF(E64:AF64,"s")+COUNTIF(E64:AF64,"wse"))*24+SUM(COUNTIF(E64:AF64,"Pk")+COUNTIF(E64:AF64,"Ps"))*12 -> 0 | AL64: =SUM(E64:AF64)+COUNTIF(E64:AF64,"uw")*8+COUNTIF(E64:AF64,"us")*8+COUNTIF(E64:AF64,"uz")*8+COUNTIF(E64:AF64,"u")*8 -> 48 | AM64: =COUNTIF(A64:AE64,"DT")*8 -> 0
A65: SG312 | B65: M | C65: KANIA Krzysztof | D65: =#REF! -> #REF! | F65: d | L65: 7 | M65: 8 | N65: 8 | O65: 8 | Z65: d | AD65: ps | AE65: s | AF65: s | AG65: =_xlfn.CONCAT(#REF!,#REF!) -> #REF! | AH65: =D65+AJ65+AK65+AL65-$AH$1+AM65+AN65 -> #REF! | AI65: =MARZEC!AK62 -> #REF! | AJ65: =COUNTIF(E65:AF65,"D")*24+COUNTIF(E65:AF65,"12g")*12 -> 48 | AK65: =SUM(COUNTIF(E65:AF65,"k")+COUNTIF(E65:AF65,"s")+COUNTIF(E65:AF65,"wse"))*24+SUM(COUNTIF(E65:AF65,"Pk")+COUNTIF(E65:AF65,"Ps"))*12 -> 60 | AL65: =SUM(E65:AF65)+COUNTIF(E65:AF65,"uw")*8+COUNTIF(E65:AF65,"us")*8+COUNTIF(E65:AF65,"uz")*8+COUNTIF(E65:AF65,"u")*8 -> 31 | AM65: =COUNTIF(A65:AE65,"DT")*8 -> 0
A66: SG216 | B66: MP | C66: KOMOSA Sebastian | D66: =#REF! -> #REF! | AG66: =_xlfn.CONCAT(#REF!,#REF!) -> #REF! | AH66: =D66+AJ66+AK66+AL66-$AH$1+AM66+AN66 -> #REF! | AI66: =MARZEC!AK63 -> #REF! | AJ66: =COUNTIF(E66:AF66,"D")*24+COUNTIF(E66:AF66,"12g")*12 -> 0 | AK66: =SUM(COUNTIF(E66:AF66,"k")+COUNTIF(E66:AF66,"s")+COUNTIF(E66:AF66,"wse"))*24+SUM(COUNTIF(E66:AF66,"Pk")+COUNTIF(E66:AF66,"Ps"))*12 -> 0 | AL66: =SUM(E66:AF66)+COUNTIF(E66:AF66,"uw")*8+COUNTIF(E66:AF66,"us")*8+COUNTIF(E66:AF66,"uz")*8+COUNTIF(E66:AF66,"u")*8 -> 0 | AM66: =COUNTIF(A66:AE66,"DT")*8 -> 0
A67: SG214 | B67: MP | C67: KOSIŃSKI Krzysztof | D67: =#REF! -> #REF! | F67: 17 | G67: k | H67: k | I67: k | J67: k | K67: k | L67: k | M67: 11 | AG67: =_xlfn.CONCAT(#REF!,#REF!) -> #REF! | AH67: =D67+AJ67+AK67+AL67-$AH$1+AM67+AN67 -> #REF! | AI67: =MARZEC!AK64 -> #REF! | AJ67: =COUNTIF(E67:AF67,"D")*24+COUNTIF(E67:AF67,"12g")*12 -> 0 | AK67: =SUM(COUNTIF(E67:AF67,"k")+COUNTIF(E67:AF67,"s")+COUNTIF(E67:AF67,"wse"))*24+SUM(COUNTIF(E67:AF67,"Pk")+COUNTIF(E67:AF67,"Ps"))*12 -> 144 | AL67: =SUM(E67:AF67)+COUNTIF(E67:AF67,"uw")*8+COUNTIF(E67:AF67,"us")*8+COUNTIF(E67:AF67,"uz")*8+COUNTIF(E67:AF67,"u")*8 -> 28 | AM67: =COUNTIF(A67:AE67,"DT")*8 -> 0
A68: SG216 | B68: ZD | C68: KOSTRZEWSKI Paweł | D68: =#REF! -> #REF! | G68: d | U68: d | AA68: pk | AB68: k | AC68: k | AD68: k | AE68: k | AF68: k | AG68: =_xlfn.CONCAT(#REF!,#REF!) -> #REF! | AH68: =D68+AJ68+AK68+AL68-$AH$1+AM68+AN68 -> #REF! | AI68: =MARZEC!AK65 -> #REF! | AJ68: =COUNTIF(E68:AF68,"D")*24+COUNTIF(E68:AF68,"12g")*12 -> 48 | AK68: =SUM(COUNTIF(E68:AF68,"k")+COUNTIF(E68:AF68,"s")+COUNTIF(E68:AF68,"wse"))*24+SUM(COUNTIF(E68:AF68,"Pk")+COUNTIF(E68:AF68,"Ps"))*12 -> 132 | AL68: =SUM(E68:AF68)+COUNTIF(E68:AF68,"uw")*8+COUNTIF(E68:AF68,"us")*8+COUNTIF(E68:AF68,"uz")*8+COUNTIF(E68:AF68,"u")*8 -> 0 | AM68: =COUNTIF(A68:AE68,"DT")*8 -> 0
A69: SG216 | B69: MP | C69: KRYGER Katarzyna | D69: =#REF! -> #REF! | E69: l4 | F69: l4 | G69: l4 | H69: l4 | I69: l4 | J69: l4 | K69: l4 | L69: l4 | M69: l4 | N69: l4 | O69: l4 | P69: l4 | Q69: l4 | R69: l4 | S69: l4 | T69: l4 | U69: l4 | V69: l4 | W69: l4 | X69: l4 | Y69: l4 | Z69: l4 | AA69: l4 | AB69: l4 | AC69: l4 | AD69: l4 | AE69: l4 | AF69: l4 | AG69: =_xlfn.CONCAT(#REF!,#REF!) -> #REF! | AH69: =D69+AJ69+AK69+AL69-$AH$1+AM69+AN69 -> #REF! | AI69: =MARZEC!AK66 -> 0 | AJ69: =COUNTIF(E69:AF69,"D")*24+COUNTIF(E69:AF69,"12g")*12 -> 0 | AK69: =SUM(COUNTIF(E69:AF69,"k")+COUNTIF(E69:AF69,"s")+COUNTIF(E69:AF69,"wse"))*24+SUM(COUNTIF(E69:AF69,"Pk")+COUNTIF(E69:AF69,"Ps"))*12 -> 0 | AL69: =SUM(E69:AF69)+COUNTIF(E69:AF69,"uw")*8+COUNTIF(E69:AF69,"us")*8+COUNTIF(E69:AF69,"uz")*8+COUNTIF(E69:AF69,"u")*8 -> 0 | AM69: =COUNTIF(A69:AE69,"DT")*8 -> 0
A70: SG006 | B70: D | C70: KRYSZTOFIAK Mariusz | D70: =#REF! -> #REF! | E70: 8 | F70: 7 | I70: d | L70: 8 | M70: 7 | O70: 8 | P70: 7 | S70: 6 | T70: 8 | Y70: d | AG70: =_xlfn.CONCAT(#REF!,#REF!) -> #REF! | AH70: =D70+AJ70+AK70+AL70-$AH$1+AM70+AN70 -> #REF! | AI70: =MARZEC!AK67 -> #REF! | AJ70: =COUNTIF(E70:AF70,"D")*24+COUNTIF(E70:AF70,"12g")*12 -> 48 | AK70: =SUM(COUNTIF(E70:AF70,"k")+COUNTIF(E70:AF70,"s")+COUNTIF(E70:AF70,"wse"))*24+SUM(COUNTIF(E70:AF70,"Pk")+COUNTIF(E70:AF70,"Ps"))*12 -> 0 | AL70: =SUM(E70:AF70)+COUNTIF(E70:AF70,"uw")*8+COUNTIF(E70:AF70,"us")*8+COUNTIF(E70:AF70,"uz")*8+COUNTIF(E70:AF70,"u")*8 -> 59 | AM70: =COUNTIF(A70:AE70,"DT")*8 -> 0
A71: SG312 | B71: MP | C71: KRZYSZTOFIAK Dariusz | D71: =#REF! -> #REF! | G71: 8 | L71: 8 | M71: 8 | N71: 8 | O71: 8 | AB71: d | AF71: d | AG71: =_xlfn.CONCAT(#REF!,#REF!) -> #REF! | AH71: =D71+AJ71+AK71+AL71-$AH$1+AM71+AN71 -> #REF! | AI71: =MARZEC!AK68 -> #REF! | AJ71: =COUNTIF(E71:AF71,"D")*24+COUNTIF(E71:AF71,"12g")*12 -> 48 | AK71: =SUM(COUNTIF(E71:AF71,"k")+COUNTIF(E71:AF71,"s")+COUNTIF(E71:AF71,"wse"))*24+SUM(COUNTIF(E71:AF71,"Pk")+COUNTIF(E71:AF71,"Ps"))*12 -> 0 | AL71: =SUM(E71:AF71)+COUNTIF(E71:AF71,"uw")*8+COUNTIF(E71:AF71,"us")*8+COUNTIF(E71:AF71,"uz")*8+COUNTIF(E71:AF71,"u")*8 -> 40 | AM71: =COUNTIF(A71:AE71,"DT")*8 -> 0
A72: SG312 | B72: MP | C72: KRZYSZTOFIAK Zbigniew | D72: =#REF! -> #REF! | L72: 8 | M72: 8 | N72: 8 | O72: 8 | X72: d | AE72: d | AG72: =_xlfn.CONCAT(#REF!,#REF!) -> #REF! | AH72: =D72+AJ72+AK72+AL72-$AH$1+AM72+AN72 -> #REF! | AI72: =MARZEC!AK69 -> #REF! | AJ72: =COUNTIF(E72:AF72,"D")*24+COUNTIF(E72:AF72,"12g")*12 -> 48 | AK72: =SUM(COUNTIF(E72:AF72,"k")+COUNTIF(E72:AF72,"s")+COUNTIF(E72:AF72,"wse"))*24+SUM(COUNTIF(E72:AF72,"Pk")+COUNTIF(E72:AF72,"Ps"))*12 -> 0 | AL72: =SUM(E72:AF72)+COUNTIF(E72:AF72,"uw")*8+COUNTIF(E72:AF72,"us")*8+COUNTIF(E72:AF72,"uz")*8+COUNTIF(E72:AF72,"u")*8 -> 32 | AM72: =COUNTIF(A72:AE72,"DT")*8 -> 0
A73: SG216 | B73: D | C73: KUKIEŁKA Wojciech | D73: =#REF! -> #REF! | M73: 8 | T73: pk | U73: k | V73: k | W73: k | X73: k | Y73: k | Z73: k | AA73: pk | AG73: =_xlfn.CONCAT(#REF!,#REF!) -> #REF! | AH73: =D73+AJ73+AK73+AL73-$AH$1+AM73+AN73 -> #REF! | AI73: =MARZEC!AK70 -> #REF! | AJ73: =COUNTIF(E73:AF73,"D")*24+COUNTIF(E73:AF73,"12g")*12 -> 0 | AK73: =SUM(COUNTIF(E73:AF73,"k")+COUNTIF(E73:AF73,"s")+COUNTIF(E73:AF73,"wse"))*24+SUM(COUNTIF(E73:AF73,"Pk")+COUNTIF(E73:AF73,"Ps"))*12 -> 168 | AL73: =SUM(E73:AF73)+COUNTIF(E73:AF73,"uw")*8+COUNTIF(E73:AF73,"us")*8+COUNTIF(E73:AF73,"uz")*8+COUNTIF(E73:AF73,"u")*8 -> 8 | AM73: =COUNTIF(A73:AE73,"DT")*8 -> 0
A74: SG216 | B74: D | C74: KUSIAK Jacek | D74: =#REF! -> #REF! | M74: 15 | N74: k | O74: k | P74: k | Q74: k | R74: k | S74: k | T74: 13 | AG74: =_xlfn.CONCAT(#REF!,#REF!) -> #REF! | AH74: =D74+AJ74+AK74+AL74-$AH$1+AM74+AN74 -> #REF! | AI74: =MARZEC!AK71 -> #REF! | AJ74: =COUNTIF(E74:AF74,"D")*24+COUNTIF(E74:AF74,"12g")*12 -> 0 | AK74: =SUM(COUNTIF(E74:AF74,"k")+COUNTIF(E74:AF74,"s")+COUNTIF(E74:AF74,"wse"))*24+SUM(COUNTIF(E74:AF74,"Pk")+COUNTIF(E74:AF74,"Ps"))*12 -> 144 | AL74: =SUM(E74:AF74)+COUNTIF(E74:AF74,"uw")*8+COUNTIF(E74:AF74,"us")*8+COUNTIF(E74:AF74,"uz")*8+COUNTIF(E74:AF74,"u")*8 -> 28 | AM74: =COUNTIF(A74:AE74,"DT")*8 -> 0
A75: SG216 | B75: MP | C75: LISEWSKI Sebastian | D75: =#REF! -> #REF! | M75: 17 | N75: k | O75: k | P75: k | Q75: k | R75: k | S75: k | T75: 11.5 | AA75: PK | AB75: K | AC75: K | AD75: K | AE75: K | AF75: K | AG75: =_xlfn.CONCAT(#REF!,#REF!) -> #REF! | AH75: =D75+AJ75+AK75+AL75-$AH$1+AM75+AN75 -> #REF! | AI75: =MARZEC!AK72 -> #REF! | AJ75: =COUNTIF(E75:AF75,"D")*24+COUNTIF(E75:AF75,"12g")*12 -> 0 | AK75: =SUM(COUNTIF(E75:AF75,"k")+COUNTIF(E75:AF75,"s")+COUNTIF(E75:AF75,"wse"))*24+SUM(COUNTIF(E75:AF75,"Pk")+COUNTIF(E75:AF75,"Ps"))*12 -> 276 | AL75: =SUM(E75:AF75)+COUNTIF(E75:AF75,"uw")*8+COUNTIF(E75:AF75,"us")*8+COUNTIF(E75:AF75,"uz")*8+COUNTIF(E75:AF75,"u")*8 -> 28.5 | AM75: =COUNTIF(A75:AE75,"DT")*8 -> 0
A76: SG312 | B76: M | C76: ŁUSZCZYŃSKI Jordan | D76: =#REF! -> #REF! | I76: 10 | L76: 6 | M76: 7.5 | O76: 8 | T76: d | Z76: d | AG76: =_xlfn.CONCAT(#REF!,#REF!) -> #REF! | AH76: =D76+AJ76+AK76+AL76-$AH$1+AM76+AN76 -> #REF! | AI76: =MARZEC!AK73 -> #REF! | AJ76: =COUNTIF(E76:AF76,"D")*24+COUNTIF(E76:AF76,"12g")*12 -> 48 | AK76: =SUM(COUNTIF(E76:AF76,"k")+COUNTIF(E76:AF76,"s")+COUNTIF(E76:AF76,"wse"))*24+SUM(COUNTIF(E76:AF76,"Pk")+COUNTIF(E76:AF76,"Ps"))*12 -> 0 | AL76: =SUM(E76:AF76)+COUNTIF(E76:AF76,"uw")*8+COUNTIF(E76:AF76,"us")*8+COUNTIF(E76:AF76,"uz")*8+COUNTIF(E76:AF76,"u")*8 -> 31.5 | AM76: =COUNTIF(A76:AE76,"DT")*8 -> 0
A77: SG216 | B77: D | C77: MAJCHER Cezary | D77: =#REF! -> #REF! | AG77: =_xlfn.CONCAT(#REF!,#REF!) -> #REF! | AH77: =D77+AJ77+AK77+AL77-$AH$1+AM77+AN77 -> #REF! | AI77: =MARZEC!AK74 -> #REF! | AJ77: =COUNTIF(E77:AF77,"D")*24+COUNTIF(E77:AF77,"12g")*12 -> 0 | AK77: =SUM(COUNTIF(E77:AF77,"k")+COUNTIF(E77:AF77,"s")+COUNTIF(E77:AF77,"wse"))*24+SUM(COUNTIF(E77:AF77,"Pk")+COUNTIF(E77:AF77,"Ps"))*12 -> 0 | AL77: =SUM(E77:AF77)+COUNTIF(E77:AF77,"uw")*8+COUNTIF(E77:AF77,"us")*8+COUNTIF(E77:AF77,"uz")*8+COUNTIF(E77:AF77,"u")*8 -> 0 | AM77: =COUNTIF(A77:AE77,"DT")*8 -> 0
A78: SG312 | B78: M | C78: MAŁKOWSKI Jakub | D78: =#REF! -> #REF! | L78: 8 | M78: 8 | N78: 8 | O78: 8 | S78: d | AA78: d | AD78: ps | AE78: s | AF78: s | AG78: =_xlfn.CONCAT(#REF!,#REF!) -> #REF! | AH78: =D78+AJ78+AK78+AL78-$AH$1+AM78+AN78 -> #REF! | AI78: =MARZEC!AK75 -> #REF! | AJ78: =COUNTIF(E78:AF78,"D")*24+COUNTIF(E78:AF78,"12g")*12 -> 48 | AK78: =SUM(COUNTIF(E78:AF78,"k")+COUNTIF(E78:AF78,"s")+COUNTIF(E78:AF78,"wse"))*24+SUM(COUNTIF(E78:AF78,"Pk")+COUNTIF(E78:AF78,"Ps"))*12 -> 60 | AL78: =SUM(E78:AF78)+COUNTIF(E78:AF78,"uw")*8+COUNTIF(E78:AF78,"us")*8+COUNTIF(E78:AF78,"uz")*8+COUNTIF(E78:AF78,"u")*8 -> 32 | AM78: =COUNTIF(A78:AE78,"DT")*8 -> 0
A79: SG216 | B79: ZD | C79: MATUK Tomasz | D79: =#REF! -> #REF! | E79: U | F79: 8 | J79: d | N79: 8 | T79: pk | U79: k | V79: k | W79: k | X79: k | Y79: k | Z79: k | AA79: pk | AG79: =_xlfn.CONCAT(#REF!,#REF!) -> #REF! | AH79: =D79+AJ79+AK79+AL79-$AH$1+AM79+AN79 -> #REF! | AI79: =MARZEC!AK76 -> #REF! | AJ79: =COUNTIF(E79:AF79,"D")*24+COUNTIF(E79:AF79,"12g")*12 -> 24 | AK79: =SUM(COUNTIF(E79:AF79,"k")+COUNTIF(E79:AF79,"s")+COUNTIF(E79:AF79,"wse"))*24+SUM(COUNTIF(E79:AF79,"Pk")+COUNTIF(E79:AF79,"Ps"))*12 -> 168 | AL79: =SUM(E79:AF79)+COUNTIF(E79:AF79,"uw")*8+COUNTIF(E79:AF79,"us")*8+COUNTIF(E79:AF79,"uz")*8+COUNTIF(E79:AF79,"u")*8 -> 24 | AM79: =COUNTIF(A79:AE79,"DT")*8 -> 0
A80: SG312 | B80: D | C80: MRUCZKIEWICZ Sławomir | D80: =#REF! -> #REF! | E80: ? | F80: ? | G80: ? | N80: 8 | O80: 8 | Q80: d | X80: d | AF80: d | AG80: =_xlfn.CONCAT(#REF!,#REF!) -> #REF! | AH80: =D80+AJ80+AK80+AL80-$AH$1+AM80+AN80 -> #REF! | AI80: =MARZEC!AK77 -> #REF! | AJ80: =COUNTIF(E80:AF80,"D")*24+COUNTIF(E80:AF80,"12g")*12 -> 72 | AK80: =SUM(COUNTIF(E80:AF80,"k")+COUNTIF(E80:AF80,"s")+COUNTIF(E80:AF80,"wse"))*24+SUM(COUNTIF(E80:AF80,"Pk")+COUNTIF(E80:AF80,"Ps"))*12 -> 0 | AL80: =SUM(E80:AF80)+COUNTIF(E80:AF80,"uw")*8+COUNTIF(E80:AF80,"us")*8+COUNTIF(E80:AF80,"uz")*8+COUNTIF(E80:AF80,"u")*8 -> 16 | AM80: =COUNTIF(A80:AE80,"DT")*8 -> 0
A81: SG216 | B81: M | C81: ORZECHOWSKI Bartosz | D81: =#REF! -> #REF! | AA81: pk | AB81: k | AC81: k | AD81: k | AE81: k | AF81: k | AG81: =_xlfn.CONCAT(#REF!,#REF!) -> #REF! | AH81: =D81+AJ81+AK81+AL81-$AH$1+AM81+AN81 -> #REF! | AI81: =MARZEC!AK78 -> #REF! | AJ81: =COUNTIF(E81:AF81,"D")*24+COUNTIF(E81:AF81,"12g")*12 -> 0 | AK81: =SUM(COUNTIF(E81:AF81,"k")+COUNTIF(E81:AF81,"s")+COUNTIF(E81:AF81,"wse"))*24+SUM(COUNTIF(E81:AF81,"Pk")+COUNTIF(E81:AF81,"Ps"))*12 -> 132 | AL81: =SUM(E81:AF81)+COUNTIF(E81:AF81,"uw")*8+COUNTIF(E81:AF81,"us")*8+COUNTIF(E81:AF81,"uz")*8+COUNTIF(E81:AF81,"u")*8 -> 0 | AM81: =COUNTIF(A81:AE81,"DT")*8 -> 0
A82: SG216 | B82: D | C82: PADJAS Marek | D82: =#REF! -> #REF! | E82: k | F82: 15 | I82: U | J82: - | K82: - | L82: U | M82: U | N82: U | O82: U | P82: U | AD82: pk | AE82: k | AF82: k | AG82: =_xlfn.CONCAT(#REF!,#REF!) -> #REF! | AH82: =D82+AJ82+AK82+AL82-$AH$1+AM82+AN82 -> #REF! | AI82: =MARZEC!AK79 -> #REF! | AJ82: =COUNTIF(E82:AF82,"D")*24+COUNTIF(E82:AF82,"12g")*12 -> 0 | AK82: =SUM(COUNTIF(E82:AF82,"k")+COUNTIF(E82:AF82,"s")+COUNTIF(E82:AF82,"wse"))*24+SUM(COUNTIF(E82:AF82,"Pk")+COUNTIF(E82:AF82,"Ps"))*12 -> 84 | AL82: =SUM(E82:AF82)+COUNTIF(E82:AF82,"uw")*8+COUNTIF(E82:AF82,"us")*8+COUNTIF(E82:AF82,"uz")*8+COUNTIF(E82:AF82,"u")*8 -> 63 | AM82: =COUNTIF(A82:AE82,"DT")*8 -> 0
A83: SG216 | B83: M | C83: PAWLAK Maciej Tomasz | D83: =#REF! -> #REF! | AG83: =_xlfn.CONCAT(#REF!,#REF!) -> #REF! | AH83: =D83+AJ83+AK83+AL83-$AH$1+AM83+AN83 -> #REF! | AI83: =MARZEC!AK80 -> #REF! | AJ83: =COUNTIF(E83:AF83,"D")*24+COUNTIF(E83:AF83,"12g")*12 -> 0 | AK83: =SUM(COUNTIF(E83:AF83,"k")+COUNTIF(E83:AF83,"s")+COUNTIF(E83:AF83,"wse"))*24+SUM(COUNTIF(E83:AF83,"Pk")+COUNTIF(E83:AF83,"Ps"))*12 -> 0 | AL83: =SUM(E83:AF83)+COUNTIF(E83:AF83,"uw")*8+COUNTIF(E83:AF83,"us")*8+COUNTIF(E83:AF83,"uz")*8+COUNTIF(E83:AF83,"u")*8 -> 0 | AM83: =COUNTIF(A83:AE83,"DT")*8 -> 0
A84: SG006 | B84: MP | C84: PAWŁOWSKA Agata | D84: =#REF! -> #REF! | E84: U | F84: U | G84: U | H84: U | I84: U | J84: - | K84: - | L84: U | M84: u | N84: u | O84: u | P84: u | Q84: - | R84: - | S84: u | T84: u | U84: u | V84: u | W84: u | X84: - | Y84: - | Z84: u | AA84: u | AB84: u | AC84: u | AD84: u | AE84: - | AF84: - | AG84: =_xlfn.CONCAT(#REF!,#REF!) -> #REF! | AH84: =D84+AJ84+AK84+AL84-$AH$1+AM84+AN84 -> #REF! | AI84: =MARZEC!AK81 -> #REF! | AJ84: =COUNTIF(E84:AF84,"D")*24+COUNTIF(E84:AF84,"12g")*12 -> 0 | AK84: =SUM(COUNTIF(E84:AF84,"k")+COUNTIF(E84:AF84,"s")+COUNTIF(E84:AF84,"wse"))*24+SUM(COUNTIF(E84:AF84,"Pk")+COUNTIF(E84:AF84,"Ps"))*12 -> 0 | AL84: =SUM(E84:AF84)+COUNTIF(E84:AF84,"uw")*8+COUNTIF(E84:AF84,"us")*8+COUNTIF(E84:AF84,"uz")*8+COUNTIF(E84:AF84,"u")*8 -> 160 | AM84: =COUNTIF(A84:AE84,"DT")*8 -> 0
A85: SG216 | B85: M | C85: PAWŁOWSKI Piotr | D85: =#REF! -> #REF! | E85: k | F85: pk | O85: 2 | S85: 2 | V85: d | AB85: d | AG85: =_xlfn.CONCAT(#REF!,#REF!) -> #REF! | AH85: =D85+AJ85+AK85+AL85-$AH$1+AM85+AN85 -> #REF! | AI85: =MARZEC!AK82 -> #REF! | AJ85: =COUNTIF(E85:AF85,"D")*24+COUNTIF(E85:AF85,"12g")*12 -> 48 | AK85: =SUM(COUNTIF(E85:AF85,"k")+COUNTIF(E85:AF85,"s")+COUNTIF(E85:AF85,"wse"))*24+SUM(COUNTIF(E85:AF85,"Pk")+COUNTIF(E85:AF85,"Ps"))*12 -> 36 | AL85: =SUM(E85:AF85)+COUNTIF(E85:AF85,"uw")*8+COUNTIF(E85:AF85,"us")*8+COUNTIF(E85:AF85,"uz")*8+COUNTIF(E85:AF85,"u")*8 -> 4 | AM85: =COUNTIF(A85:AE85,"DT")*8 -> 0
A86: SG312 | B86: MP | C86: PERKOWSKI Tadeusz | D86: =#REF! -> #REF! | H86: 4 | K86: d | M86: 8 | N86: 8 | O86: 8 | AG86: =_xlfn.CONCAT(#REF!,#REF!) -> #REF! | AH86: =D86+AJ86+AK86+AL86-$AH$1+AM86+AN86 -> #REF! | AI86: =MARZEC!AK83 -> #REF! | AJ86: =COUNTIF(E86:AF86,"D")*24+COUNTIF(E86:AF86,"12g")*12 -> 24 | AK86: =SUM(COUNTIF(E86:AF86,"k")+COUNTIF(E86:AF86,"s")+COUNTIF(E86:AF86,"wse"))*24+SUM(COUNTIF(E86:AF86,"Pk")+COUNTIF(E86:AF86,"Ps"))*12 -> 0 | AL86: =SUM(E86:AF86)+COUNTIF(E86:AF86,"uw")*8+COUNTIF(E86:AF86,"us")*8+COUNTIF(E86:AF86,"uz")*8+COUNTIF(E86:AF86,"u")*8 -> 28 | AM86: =COUNTIF(A86:AE86,"DT")*8 -> 0
A87: SG046 | B87: MP | C87: PEZAŁA Maciej | D87: =#REF! -> #REF! | E87: k | F87: 13 | L87: U | M87: U | N87: U | O87: U | P87: U | AG87: =_xlfn.CONCAT(#REF!,#REF!) -> #REF! | AH87: =D87+AJ87+AK87+AL87-$AH$1+AM87+AN87 -> #REF! | AI87: =MARZEC!AK84 -> #REF! | AJ87: =COUNTIF(E87:AF87,"D")*24+COUNTIF(E87:AF87,"12g")*12 -> 0 | AK87: =SUM(COUNTIF(E87:AF87,"k")+COUNTIF(E87:AF87,"s")+COUNTIF(E87:AF87,"wse"))*24+SUM(COUNTIF(E87:AF87,"Pk")+COUNTIF(E87:AF87,"Ps"))*12 -> 24 | AL87: =SUM(E87:AF87)+COUNTIF(E87:AF87,"uw")*8+COUNTIF(E87:AF87,"us")*8+COUNTIF(E87:AF87,"uz")*8+COUNTIF(E87:AF87,"u")*8 -> 53 | AM87: =COUNTIF(A87:AE87,"DT")*8 -> 0
A88: SG046 | B88: D | C88: PIEŃKOWSKI Mirosław | D88: =#REF! -> #REF! | E88: k | F88: 8 | L88: uz | M88: uz | N88: uz | O88: uz | P88: uz | Q88: - | R88: - | S88: uz | AG88: =_xlfn.CONCAT(#REF!,#REF!) -> #REF! | AH88: =D88+AJ88+AK88+AL88-$AH$1+AM88+AN88 -> #REF! | AI88: =MARZEC!AK85 -> #REF! | AJ88: =COUNTIF(E88:AF88,"D")*24+COUNTIF(E88:AF88,"12g")*12 -> 0 | AK88: =SUM(COUNTIF(E88:AF88,"k")+COUNTIF(E88:AF88,"s")+COUNTIF(E88:AF88,"wse"))*24+SUM(COUNTIF(E88:AF88,"Pk")+COUNTIF(E88:AF88,"Ps"))*12 -> 24 | AL88: =SUM(E88:AF88)+COUNTIF(E88:AF88,"uw")*8+COUNTIF(E88:AF88,"us")*8+COUNTIF(E88:AF88,"uz")*8+COUNTIF(E88:AF88,"u")*8 -> 56 | AM88: =COUNTIF(A88:AE88,"DT")*8 -> 0
A89: SG312 | B89: ZD | C89: PUJANEK Sebastian | D89: =#REF! -> #REF! | E89: d | L89: 7 | M89: d | O89: 7 | AA89: d | AG89: =_xlfn.CONCAT(#REF!,#REF!) -> #REF! | AH89: =D89+AJ89+AK89+AL89-$AH$1+AM89+AN89 -> #REF! | AI89: =MARZEC!AK86 -> #REF! | AJ89: =COUNTIF(E89:AF89,"D")*24+COUNTIF(E89:AF89,"12g")*12 -> 72 | AK89: =SUM(COUNTIF(E89:AF89,"k")+COUNTIF(E89:AF89,"s")+COUNTIF(E89:AF89,"wse"))*24+SUM(COUNTIF(E89:AF89,"Pk")+COUNTIF(E89:AF89,"Ps"))*12 -> 0 | AL89: =SUM(E89:AF89)+COUNTIF(E89:AF89,"uw")*8+COUNTIF(E89:AF89,"us")*8+COUNTIF(E89:AF89,"uz")*8+COUNTIF(E89:AF89,"u")*8 -> 14 | AM89: =COUNTIF(A89:AE89,"DT")*8 -> 0
A90: SG312 | B90: MP | C90: REIMANN Daniel | D90: =#REF! -> #REF! | M90: d | AG90: =_xlfn.CONCAT(#REF!,#REF!) -> #REF! | AH90: =D90+AJ90+AK90+AL90-$AH$1+AM90+AN90 -> #REF! | AI90: =MARZEC!AK87 -> #REF! | AJ90: =COUNTIF(E90:AF90,"D")*24+COUNTIF(E90:AF90,"12g")*12 -> 24 | AK90: =SUM(COUNTIF(E90:AF90,"k")+COUNTIF(E90:AF90,"s")+COUNTIF(E90:AF90,"wse"))*24+SUM(COUNTIF(E90:AF90,"Pk")+COUNTIF(E90:AF90,"Ps"))*12 -> 0 | AL90: =SUM(E90:AF90)+COUNTIF(E90:AF90,"uw")*8+COUNTIF(E90:AF90,"us")*8+COUNTIF(E90:AF90,"uz")*8+COUNTIF(E90:AF90,"u")*8 -> 0 | AM90: =COUNTIF(A90:AE90,"DT")*8 -> 0
A91: SG216 | B91: ZD | C91: SCHEEL Magdalena | D91: =#REF! -> #REF! | T91: 16 | U91: k | V91: k | W91: k | X91: k | Y91: k | Z91: k | AA91: pk | AG91: =_xlfn.CONCAT(#REF!,#REF!) -> #REF! | AH91: =D91+AJ91+AK91+AL91-$AH$1+AM91+AN91 -> #REF! | AI91: =MARZEC!AK88 -> #REF! | AJ91: =COUNTIF(E91:AF91,"D")*24+COUNTIF(E91:AF91,"12g")*12 -> 0 | AK91: =SUM(COUNTIF(E91:AF91,"k")+COUNTIF(E91:AF91,"s")+COUNTIF(E91:AF91,"wse"))*24+SUM(COUNTIF(E91:AF91,"Pk")+COUNTIF(E91:AF91,"Ps"))*12 -> 156 | AL91: =SUM(E91:AF91)+COUNTIF(E91:AF91,"uw")*8+COUNTIF(E91:AF91,"us")*8+COUNTIF(E91:AF91,"uz")*8+COUNTIF(E91:AF91,"u")*8 -> 16 | AM91: =COUNTIF(A91:AE91,"DT")*8 -> 0
A92: SG216 | B92: MP | C92: SKALSKA Paulina | D92: =#REF! -> #REF! | O92: u | P92: u | S92: U | T92: U | U92: U | V92: U | W92: U | X92: - | Y92: - | Z92: U | AG92: =_xlfn.CONCAT(#REF!,#REF!) -> #REF! | AH92: =D92+AJ92+AK92+AL92-$AH$1+AM92+AN92 -> #REF! | AI92: =MARZEC!AK89 -> #REF! | AJ92: =COUNTIF(E92:AF92,"D")*24+COUNTIF(E92:AF92,"12g")*12 -> 0 | AK92: =SUM(COUNTIF(E92:AF92,"k")+COUNTIF(E92:AF92,"s")+COUNTIF(E92:AF92,"wse"))*24+SUM(COUNTIF(E92:AF92,"Pk")+COUNTIF(E92:AF92,"Ps"))*12 -> 0 | AL92: =SUM(E92:AF92)+COUNTIF(E92:AF92,"uw")*8+COUNTIF(E92:AF92,"us")*8+COUNTIF(E92:AF92,"uz")*8+COUNTIF(E92:AF92,"u")*8 -> 64 | AM92: =COUNTIF(A92:AE92,"DT")*8 -> 0
A93: SG212 | B93: MP | C93: SŁUPKOWSKI Mateusz | D93: =#REF! -> #REF! | P93: d | S93: PK | T93: K | U93: K | V93: K | W93: K | X93: K | Y93: K | Z93: PK | AG93: =_xlfn.CONCAT(#REF!,#REF!) -> #REF! | AH93: =D93+AJ93+AK93+AL93-$AH$1+AM93+AN93 -> #REF! | AI93: =MARZEC!AK90 -> #REF! | AJ93: =COUNTIF(E93:AF93,"D")*24+COUNTIF(E93:AF93,"12g")*12 -> 24 | AK93: =SUM(COUNTIF(E93:AF93,"k")+COUNTIF(E93:AF93,"s")+COUNTIF(E93:AF93,"wse"))*24+SUM(COUNTIF(E93:AF93,"Pk")+COUNTIF(E93:AF93,"Ps"))*12 -> 168 | AL93: =SUM(E93:AF93)+COUNTIF(E93:AF93,"uw")*8+COUNTIF(E93:AF93,"us")*8+COUNTIF(E93:AF93,"uz")*8+COUNTIF(E93:AF93,"u")*8 -> 0 | AM93: =COUNTIF(A93:AE93,"DT")*8 -> 0
A94: SG216 | B94: ZD | C94: STOPA Maciej | D94: =#REF! -> #REF! | M94: 17 | N94: k | O94: k | P94: k | Q94: k | R94: k | S94: k | T94: 14 | AG94: =_xlfn.CONCAT(#REF!,#REF!) -> #REF! | AH94: =D94+AJ94+AK94+AL94-$AH$1+AM94+AN94 -> #REF! | AI94: =MARZEC!AK91 -> #REF! | AJ94: =COUNTIF(E94:AF94,"D")*24+COUNTIF(E94:AF94,"12g")*12 -> 0 | AK94: =SUM(COUNTIF(E94:AF94,"k")+COUNTIF(E94:AF94,"s")+COUNTIF(E94:AF94,"wse"))*24+SUM(COUNTIF(E94:AF94,"Pk")+COUNTIF(E94:AF94,"Ps"))*12 -> 144 | AL94: =SUM(E94:AF94)+COUNTIF(E94:AF94,"uw")*8+COUNTIF(E94:AF94,"us")*8+COUNTIF(E94:AF94,"uz")*8+COUNTIF(E94:AF94,"u")*8 -> 31 | AM94: =COUNTIF(A94:AE94,"DT")*8 -> 0
A95: SG216 | B95: M | C95: SUSZEK Bartosz | D95: =#REF! -> #REF! | P95: 5 | S95: ps | T95: s | U95: s | V95: s | W95: s | X95: s | Y95: s | Z95: ps | AG95: =_xlfn.CONCAT(#REF!,#REF!) -> #REF! | AH95: =D95+AJ95+AK95+AL95-$AH$1+AM95+AN95 -> #REF! | AI95: =MARZEC!AK92 -> #REF! | AJ95: =COUNTIF(E95:AF95,"D")*24+COUNTIF(E95:AF95,"12g")*12 -> 0 | AK95: =SUM(COUNTIF(E95:AF95,"k")+COUNTIF(E95:AF95,"s")+COUNTIF(E95:AF95,"wse"))*24+SUM(COUNTIF(E95:AF95,"Pk")+COUNTIF(E95:AF95,"Ps"))*12 -> 168 | AL95: =SUM(E95:AF95)+COUNTIF(E95:AF95,"uw")*8+COUNTIF(E95:AF95,"us")*8+COUNTIF(E95:AF95,"uz")*8+COUNTIF(E95:AF95,"u")*8 -> 5 | AM95: =COUNTIF(A95:AE95,"DT")*8 -> 0
A96: SG312 | B96: MP | C96: SZCZEPAŃSKI Tomasz Łukasz | D96: =#REF! -> #REF! | H96: 4 | M96: 6 | N96: d | P96: 5.5 | W96: ? | X96: ? | Y96: ? | AG96: =_xlfn.CONCAT(#REF!,#REF!) -> #REF! | AH96: =D96+AJ96+AK96+AL96-$AH$1+AM96+AN96 -> #REF! | AI96: =MARZEC!AK93 -> -98.5 | AJ96: =COUNTIF(E96:AF96,"D")*24+COUNTIF(E96:AF96,"12g")*12 -> 24 | AK96: =SUM(COUNTIF(E96:AF96,"k")+COUNTIF(E96:AF96,"s")+COUNTIF(E96:AF96,"wse"))*24+SUM(COUNTIF(E96:AF96,"Pk")+COUNTIF(E96:AF96,"Ps"))*12 -> 0 | AL96: =SUM(E96:AF96)+COUNTIF(E96:AF96,"uw")*8+COUNTIF(E96:AF96,"us")*8+COUNTIF(E96:AF96,"uz")*8+COUNTIF(E96:AF96,"u")*8 -> 15.5 | AM96: =COUNTIF(A96:AE96,"DT")*8 -> 0
A97: SG312 | B97: M | C97: SZYMAŃSKI Tomasz | D97: =#REF! -> #REF! | F97: 5 | I97: 5 | L97: 7 | M97: 7 | N97: 7 | O97: 7 | W97: d | AG97: =_xlfn.CONCAT(#REF!,#REF!) -> #REF! | AH97: =D97+AJ97+AK97+AL97-$AH$1+AM97+AN97 -> #REF! | AI97: =MARZEC!AK94 -> #REF! | AJ97: =COUNTIF(E97:AF97,"D")*24+COUNTIF(E97:AF97,"12g")*12 -> 24 | AK97: =SUM(COUNTIF(E97:AF97,"k")+COUNTIF(E97:AF97,"s")+COUNTIF(E97:AF97,"wse"))*24+SUM(COUNTIF(E97:AF97,"Pk")+COUNTIF(E97:AF97,"Ps"))*12 -> 0 | AL97: =SUM(E97:AF97)+COUNTIF(E97:AF97,"uw")*8+COUNTIF(E97:AF97,"us")*8+COUNTIF(E97:AF97,"uz")*8+COUNTIF(E97:AF97,"u")*8 -> 38 | AM97: =COUNTIF(A97:AE97,"DT")*8 -> 0
A98: SG312 | B98: MP | C98: ŚLIWIŃSKI Krzysztof | D98: =#REF! -> #REF! | H98: 4 | L98: 8 | M98: 8 | N98: 8 | O98: 8 | AC98: d | AG98: =_xlfn.CONCAT(#REF!,#REF!) -> #REF! | AH98: =D98+AJ98+AK98+AL98-$AH$1+AM98+AN98 -> #REF! | AI98: =MARZEC!AK95 -> #REF! | AJ98: =COUNTIF(E98:AF98,"D")*24+COUNTIF(E98:AF98,"12g")*12 -> 24 | AK98: =SUM(COUNTIF(E98:AF98,"k")+COUNTIF(E98:AF98,"s")+COUNTIF(E98:AF98,"wse"))*24+SUM(COUNTIF(E98:AF98,"Pk")+COUNTIF(E98:AF98,"Ps"))*12 -> 0 | AL98: =SUM(E98:AF98)+COUNTIF(E98:AF98,"uw")*8+COUNTIF(E98:AF98,"us")*8+COUNTIF(E98:AF98,"uz")*8+COUNTIF(E98:AF98,"u")*8 -> 36 | AM98: =COUNTIF(A98:AE98,"DT")*8 -> 0
A99: SG312 | B99: ZD | C99: TOCHOR Krzysztof | D99: =#REF! -> #REF! | E99: 4 | H99: d | L99: 8 | M99: 8 | N99: 7 | O99: U | P99: U | V99: d | AA99: ps | AB99: s | AC99: s | AD99: ps | AG99: =_xlfn.CONCAT(#REF!,#REF!) -> #REF! | AH99: =D99+AJ99+AK99+AL99-$AH$1+AM99+AN99 -> #REF! | AI99: =MARZEC!AK96 -> #REF! | AJ99: =COUNTIF(E99:AF99,"D")*24+COUNTIF(E99:AF99,"12g")*12 -> 48 | AK99: =SUM(COUNTIF(E99:AF99,"k")+COUNTIF(E99:AF99,"s")+COUNTIF(E99:AF99,"wse"))*24+SUM(COUNTIF(E99:AF99,"Pk")+COUNTIF(E99:AF99,"Ps"))*12 -> 72 | AL99: =SUM(E99:AF99)+COUNTIF(E99:AF99,"uw")*8+COUNTIF(E99:AF99,"us")*8+COUNTIF(E99:AF99,"uz")*8+COUNTIF(E99:AF99,"u")*8 -> 43 | AM99: =COUNTIF(A99:AE99,"DT")*8 -> 0
A100: SG312 | B100: MP | C100: WITCZAK Milena | D100: =#REF! -> #REF! | F100: 8 | G100: 8 | H100: 8 | I100: d | L100: d | N100: 8 | O100: 8 | R100: d | U100: d | AD100: d | AG100: =_xlfn.CONCAT(#REF!,#REF!) -> #REF! | AH100: =D100+AJ100+AK100+AL100-$AH$1+AM100+AN100 -> #REF! | AI100: =MARZEC!AK97 -> #REF! | AJ100: =COUNTIF(E100:AF100,"D")*24+COUNTIF(E100:AF100,"12g")*12 -> 120 | AK100: =SUM(COUNTIF(E100:AF100,"k")+COUNTIF(E100:AF100,"s")+COUNTIF(E100:AF100,"wse"))*24+SUM(COUNTIF(E100:AF100,"Pk")+COUNTIF(E100:AF100,"Ps"))*12 -> 0 | AL100: =SUM(E100:AF100)+COUNTIF(E100:AF100,"uw")*8+COUNTIF(E100:AF100,"us")*8+COUNTIF(E100:AF100,"uz")*8+COUNTIF(E100:AF100,"u")*8 -> 40 | AM100: =COUNTIF(A100:AE100,"DT")*8 -> 0
A101: SG312 | B101: MP | C101: WOŹNIAK Szymon | D101: =#REF! -> #REF! | G101: d | S101: d | Z101: u | AA101: u | AB101: u | AC101: u | AD101: u | AE101: u | AF101: u | AG101: =_xlfn.CONCAT(#REF!,#REF!) -> #REF! | AH101: =D101+AJ101+AK101+AL101-$AH$1+AM101+AN101 -> #REF! | AI101: =MARZEC!AK98 -> #REF! | AJ101: =COUNTIF(E101:AF101,"D")*24+COUNTIF(E101:AF101,"12g")*12 -> 48 | AK101: =SUM(COUNTIF(E101:AF101,"k")+COUNTIF(E101:AF101,"s")+COUNTIF(E101:AF101,"wse"))*24+SUM(COUNTIF(E101:AF101,"Pk")+COUNTIF(E101:AF101,"Ps"))*12 -> 0 | AL101: =SUM(E101:AF101)+COUNTIF(E101:AF101,"uw")*8+COUNTIF(E101:AF101,"us")*8+COUNTIF(E101:AF101,"uz")*8+COUNTIF(E101:AF101,"u")*8 -> 56 | AM101: =COUNTIF(A101:AE101,"DT")*8 -> 0
A102: SG212 | B102: M | C102: ZAWOLIK Adam | D102: =#REF! -> #REF! | F102: 17 | G102: k | H102: k | I102: k | J102: k | K102: k | L102: k | M102: 12 | AG102: =_xlfn.CONCAT(#REF!,#REF!) -> #REF! | AH102: =D102+AJ102+AK102+AL102-$AH$1+AM102+AN102 -> #REF! | AI102: =MARZEC!AK99 -> #REF! | AJ102: =COUNTIF(E102:AF102,"D")*24+COUNTIF(E102:AF102,"12g")*12 -> 0 | AK102: =SUM(COUNTIF(E102:AF102,"k")+COUNTIF(E102:AF102,"s")+COUNTIF(E102:AF102,"wse"))*24+SUM(COUNTIF(E102:AF102,"Pk")+COUNTIF(E102:AF102,"Ps"))*12 -> 144 | AL102: =SUM(E102:AF102)+COUNTIF(E102:AF102,"uw")*8+COUNTIF(E102:AF102,"us")*8+COUNTIF(E102:AF102,"uz")*8+COUNTIF(E102:AF102,"u")*8 -> 29 | AM102: =COUNTIF(A102:AE102,"DT")*8 -> 0
A103: SG216 | B103: M | C103: ZIEMKOWSKI Witold | D103: =#REF! -> #REF! | K103: d | AG103: =_xlfn.CONCAT(#REF!,#REF!) -> #REF! | AH103: =D103+AJ103+AK103+AL103-$AH$1+AM103+AN103 -> #REF! | AI103: =MARZEC!AK100 -> #REF! | AJ103: =COUNTIF(E103:AF103,"D")*24+COUNTIF(E103:AF103,"12g")*12 -> 24 | AK103: =SUM(COUNTIF(E103:AF103,"k")+COUNTIF(E103:AF103,"s")+COUNTIF(E103:AF103,"wse"))*24+SUM(COUNTIF(E103:AF103,"Pk")+COUNTIF(E103:AF103,"Ps"))*12 -> 0 | AL103: =SUM(E103:AF103)+COUNTIF(E103:AF103,"uw")*8+COUNTIF(E103:AF103,"us")*8+COUNTIF(E103:AF103,"uz")*8+COUNTIF(E103:AF103,"u")*8 -> 0 | AM103: =COUNTIF(A103:AE103,"DT")*8 -> 0
A104: SG216 | B104: D | C104: ZWOLIŃSKI Krzysztof | D104: =#REF! -> #REF! | I104: 3 | AG104: =_xlfn.CONCAT(#REF!,#REF!) -> #REF! | AH104: =D104+AJ104+AK104+AL104-$AH$1+AM104+AN104 -> #REF! | AI104: =MARZEC!AK101 -> #REF! | AJ104: =COUNTIF(E104:AF104,"D")*24+COUNTIF(E104:AF104,"12g")*12 -> 0 | AK104: =SUM(COUNTIF(E104:AF104,"k")+COUNTIF(E104:AF104,"s")+COUNTIF(E104:AF104,"wse"))*24+SUM(COUNTIF(E104:AF104,"Pk")+COUNTIF(E104:AF104,"Ps"))*12 -> 0 | AL104: =SUM(E104:AF104)+COUNTIF(E104:AF104,"uw")*8+COUNTIF(E104:AF104,"us")*8+COUNTIF(E104:AF104,"uz")*8+COUNTIF(E104:AF104,"u")*8 -> 3 | AM104: =COUNTIF(A104:AE104,"DT")*8 -> 0
C106: SŁUŻBA Ś-CIE | E106: =E34 -> 1 | F106: =F34 -> 1 | G106: =G34 -> 1 | H106: =H34 -> 1 | I106: =I34 -> 1 | J106: =J34 -> 1 | K106: =K34 -> 1 | L106: =L34 -> 1 | ... AF106: =AF34 -> 0
...

Sheet służby druk luty
B1: luty 2021 r. | G1: LUTY 2021 R.
A2: Dyżurny Wachty Portowej | G2: ŚWINOUJŚCIE | L2: KOŁOBRZEG
A3: 44228 | C3: DYŻURNY | D3: wachtowy | E3: wachtowy
A4: 1 | B4: pon. | C4: =VLOOKUP("D",LUTY!$E$2:$AK$32,29,0) -> #REF! | G4: 01.02 - 05.02 | I4: 05.02 - 08.02 | L4: 02.02 - 06.02 | N4: 06.02 - 09.02
A5: 2 | B5: wt. | C5: =VLOOKUP("D",LUTY!F$2:$AK$32,28,0) -> #REF! | G5: =LUTY!F39 -> JAKIMIAK | I5: =LUTY!J39 -> BORZĘCKI | L5: =LUTY!F47 -> GRZEGORCZY | N5: =LUTY!J47 -> GRZEGORCZY
A6: 3 | B6: śr. | C6: =VLOOKUP("D",LUTY!G$2:$AK$32,27,0) -> #REF! | G6: =LUTY!F40 -> ZAJĄC | I6: =LUTY!J40 -> ZAJĄC | L6: =LUTY!F48 -> GĘBALA | N6: =LUTY!J48 -> GĘBALA
A7: 4 | B7: czw. | C7: =VLOOKUP("D",LUTY!H$2:$AK$32,26,0) -> #REF! | G7: =LUTY!F41 -> MIZGIER | I7: =LUTY!J41 -> MIZGIER | L7: =LUTY!F49 -> ZAWOLIK | N7: =LUTY!J49 -> ZAWOLIK
A8: 5 | B8: pt. | C8: =VLOOKUP("D",LUTY!I$2:$AK$32,25,0) -> #REF! | G8: =LUTY!F42 -> MŁYŃSKI | I8: =LUTY!J42 -> MŁYŃSKI | L8: =LUTY!F50 -> KOMOSA | N8: =LUTY!J50 -> KOMOSA
A9: 6 | B9: sob. | C9: =VLOOKUP("D",LUTY!J$2:$AK$32,24,0) -> #REF!
A10: 7 | B10: niedz. | C10: =VLOOKUP("D",LUTY!K$2:$AK$32,23,0) -> #REF! | G10: 08.02 - 12.02 | I10: 12.02 - 15.02 | L10: 09.02 - 13.02 | N10: 13.02 - 16.02
A11: 8 | B11: pon. | C11: =VLOOKUP("D",LUTY!L$2:$AK$32,22,0) -> #REF! | G11: =LUTY!M39 -> ŚWIREPO | I11: =LUTY!Q39 -> ŚWIREPO | L11: =LUTY!M47 -> KUSIAK | N11: =LUTY!Q47 -> KUSIAK
A12: 9 | B12: wt. | C12: =VLOOKUP("D",LUTY!M$2:$AK$32,21,0) -> #REF! | G12: =LUTY!M40 -> SZNAJDER | I12: =LUTY!Q40 -> SZNAJDER | L12: =LUTY!M48 -> STOPA | N12: =LUTY!Q48 -> STOPA
A13: 10 | B13: śr. | C13: =VLOOKUP("D",LUTY!N$2:$AK$32,20,0) -> #REF! | G13: =LUTY!M41 -> BARTOSIEWICZ | I13: =LUTY!Q41 -> BARTOSIEWICZ | L13: =LUTY!M49 -> BUDZISŁAWSKI | N13: =LUTY!Q49 -> BUDZISŁAWSKI
A14: 11 | B14: czw. | C14: =VLOOKUP("D",LUTY!O$2:$AK$32,19,0) -> #REF! | G14: =LUTY!M42 -> DRGAS | I14: =LUTY!Q42 -> DRGAS | L14: =LUTY!M50 -> LISEWSKI | N14: =LUTY!Q50 -> LISEWSKI
A15: 12 | B15: pt. | C15: =VLOOKUP("D",LUTY!P$2:$AK$32,18,0) -> #REF!
A16: 13 | B16: sob. | C16: =VLOOKUP("D",LUTY!Q$2:$AK$32,17,0) -> #REF! | G16: 15.02 - 19.02 | I16: 19.02 - 22.02 | L16: 16.02 - 20.02 | N16: 20.02 - 23.02
A17: 14 | B17: niedz. | C17: =VLOOKUP("D",LUTY!R$2:$AK$32,16,0) -> #REF! | G17: =LUTY!T39 -> WILCZEK | I17: =LUTY!X39 -> KALITA | L17: =LUTY!T47 -> KUKIEŁKA | N17: =LUTY!X47 -> KUKIEŁKA
A18: 15 | B18: pon. | C18: =VLOOKUP("D",LUTY!S$2:$AK$32,15,0) -> #REF! | G18: =LUTY!T40 -> NOWICKI | I18: =LUTY!X40 -> NOWICKI | L18: =LUTY!T48 -> SCHEEL | N18: =LUTY!X48 -> SCHEEL
A19: 16 | B19: wt. | C19: =VLOOKUP("D",LUTY!T$2:$AK$32,14,0) -> #REF! | G19: =LUTY!T41 -> ZEMBRZUSKI | I19: =LUTY!X41 -> ZEMBRZUSKI | L19: =LUTY!T49 -> MATUK | N19: =LUTY!X49 -> MATUK
A20: 17 | B20: śr. | C20: =VLOOKUP("D",LUTY!U$2:$AK$32,13,0) -> #REF! | G20: =LUTY!T42 -> SPRUTTA | I20: =LUTY!X42 -> SPRUTTA | L20: =LUTY!T50 -> ZAWOLIK | N20: =LUTY!X50 -> ZAWOLIK
A21: 18 | B21: czw. | C21: =VLOOKUP("D",LUTY!V$2:$AK$32,12,0) -> #REF!
A22: 19 | B22: pt. | C22: =VLOOKUP("D",LUTY!W$2:$AK$32,11,0) -> #REF! | G22: 22.02 - 26.02 | I22: 26.02 - 01.03 | L22: 23.02 - 26.02 | N22: 26.02 - 01.03
A23: 20 | B23: sob. | C23: =VLOOKUP("D",LUTY!X$2:$AK$29,10,0) -> #REF! | G23: =LUTY!AA39 -> 0 | I23: =LUTY!AE39 -> JAKIMIAK | L23: =LUTY!AA47 -> GRZEGORCZYK | N23: =LUTY!AE47 -> PADJAS
A24: 21 | B24: niedz. | C24: =VLOOKUP("D",LUTY!Y$2:$AK$32,9,0) -> #REF! | G24: =LUTY!AA40 -> 0 | I24: =LUTY!AE40 -> 0 | L24: =LUTY!AA48 -> KOSTRZEWSKI | N24: =LUTY!AE48 -> KOSTRZEWSKI
A25: 22 | B25: pon. | C25: =VLOOKUP("D",LUTY!Z$2:$AK$32,8,0) -> #REF! | G25: =LUTY!AA41 -> 0 | I25: =LUTY!AE41 -> mizgier | L25: =LUTY!AA49 -> ORZECHOWSKI | N25: =LUTY!AE49 -> ORZECHOWSKI
A26: 23 | B26: wt. | C26: =VLOOKUP("D",LUTY!AA$2:$AK32,7,0) -> #REF! | G26: =LUTY!AA42 -> 0 | I26: =LUTY!AE42 -> 0 | L26: =LUTY!AA50 -> PAWŁOWSKA | N26: =LUTY!AE50 -> PAWŁOWSKA
A27: 24 | B27: śr. | C27: =VLOOKUP("D",LUTY!AB$2:$AK$32,6,0) -> #REF!
A28: 25 | B28: czw. | C28: =VLOOKUP("D",LUTY!AC$2:$AK$32,5,0) -> #REF!
A29: 26 | B29: pt. | C29: =VLOOKUP("D",LUTY!AD$2:$AK$32,4,0) -> #REF!
A30: 27 | B30: sob. | C30: =VLOOKUP("D",LUTY!AE$2:$AK$32,3,0) -> #REF!
A31: 28 | B31: niedz. | C31: =VLOOKUP("D",LUTY!AF$2:$AK$32,2,0) -> #N/A

Sheet MARZEC
A1: SG | D1: 44256 | E1: 44256 | F1: 44257 | G1: 44258 | H1: 44259 | I1: 44260 | J1: 44261 | K1: 44262 | L1: 44263 | M1: 44264 | N1: 44265 | O1: 44266 | P1: 44267 | Q1: 44268 | R1: 44269 | S1: 44270 | T1: 44271 | U1: 44272 | V1: 44273 | W1: 44274 | X1: 44275 | Y1: 44276 | Z1: 44277 | AA1: 44278 | AB1: 44279 | AC1: 44280 | AD1: 44281 | AE1: 44282 | AF1: 44283 | AG1: 44284 | AH1: 44285 | AI1: 44286 | AK1: =23*8 -> 184 | AL1: Służba | AM1: Dyżur | AN1: inne | AO1: DT | AP1: zwolnienia
A2: SG212 | B2: D | C2: BORZĘCKI Tomasz | D2: =#REF! -> #REF! | M2: 8 | N2: 8 | O2: 8 | S2: 17 | T2: s | U2: s | V2: s | W2: s | X2: s | Y2: s | Z2: ps | AJ2: =_xlfn.CONCAT(#REF!,Tabela13[[#This Row],[FUNKCJONARIUSZ]]) -> #REF! | AK2: =D2+AL2+AM2+AN2-$AK$1+AO2+AP2 -> #REF! | AL2: =COUNTIF(E2:AI2,"D")*24+COUNTIF(E2:AI2,"12g")*12 -> 0 | AM2: =SUM(COUNTIF(E2:AI2,"k")+COUNTIF(E2:AI2,"s")+COUNTIF(E2:AI2,"wse"))*24+SUM(COUNTIF(E2:AI2,"Pk")+COUNTIF(E2:AI2,"Ps"))*12 -> 156 | AN2: =SUM(E2:AI2)+COUNTIF(E2:AI2,"uw")*8+COUNTIF(E2:AI2,"us")*8+COUNTIF(E2:AI2,"uz")*8+COUNTIF(E2:AI2,"zs")*8 -> 41 | AO2: =COUNTIF(E2:AI2,"DT")*8 -> 0 | AP2: 0
A3: SG068 | B3: MP | C3: BUKOWSKI Bartosz | D3: =#REF! -> #REF! | E3: - | F3: - | G3: - | H3: - | I3: - | J3: - | K3: - | L3: - | M3: - | N3: - | O3: - | P3: 17 | Q3: s | R3: s | S3: 12 | Z3: zs | AA3: zs | AC3: d | AG3: d | AJ3: =_xlfn.CONCAT(#REF!,Tabela13[[#This Row],[FUNKCJONARIUSZ]]) -> #REF! | AK3: =D3+AL3+AM3+AN3-$AK$1+AO3+AP3 -> #REF! | AL3: =COUNTIF(E3:AI3,"D")*24+COUNTIF(E3:AI3,"12g")*12 -> 48 | AM3: =SUM(COUNTIF(E3:AI3,"k")+COUNTIF(E3:AI3,"s")+COUNTIF(E3:AI3,"wse"))*24+SUM(COUNTIF(E3:AI3,"Pk")+COUNTIF(E3:AI3,"Ps"))*12 -> 48 | AN3: =SUM(E3:AI3)+COUNTIF(E3:AI3,"uw")*8+COUNTIF(E3:AI3,"us")*8+COUNTIF(E3:AI3,"uz")*8+COUNTIF(E3:AI3,"zs")*8 -> 45 | AO3: =COUNTIF(E3:AI3,"DT")*8 -> 0 | AP3: 0
A4: SG214 | B4: MP | C4: CHYŁA Katarzyna | D4: =#REF! -> #REF! | L4: 17 | M4: s | N4: s | O4: s | P4: 11 | S4: uz | T4: uz | U4: uz | V4: uz | W4: uz | AJ4: =_xlfn.CONCAT(#REF!,Tabela13[[#This Row],[FUNKCJONARIUSZ]]) -> #REF! | AK4: =D4+AL4+AM4+AN4-$AK$1+AO4+AP4 -> #REF! | AL4: =COUNTIF(E4:AI4,"D")*24+COUNTIF(E4:AI4,"12g")*12 -> 0 | AM4: =SUM(COUNTIF(E4:AI4,"k")+COUNTIF(E4:AI4,"s")+COUNTIF(E4:AI4,"wse"))*24+SUM(COUNTIF(E4:AI4,"Pk")+COUNTIF(E4:AI4,"Ps"))*12 -> 72 | AN4: =SUM(E4:AI4)+COUNTIF(E4:AI4,"uw")*8+COUNTIF(E4:AI4,"us")*8+COUNTIF(E4:AI4,"uz")*8+COUNTIF(E4:AI4,"zs")*8 -> 68 | AO4: =COUNTIF(E4:AI4,"DT")*8 -> 0 | AP4: 0
A5: SG068 | B5: MP | C5: DRGAS Kamil | D5: =#REF! -> #REF! | E5: 17 | F5: 19 | P5: 9 | Q5: wse | R5: 21 | AA5: 6 | AG5: 17 | AH5: s | AI5: s | AJ5: =_xlfn.CONCAT(#REF!,Tabela13[[#This Row],[FUNKCJONARIUSZ]]) -> #REF! | AK5: =D5+AL5+AM5+AN5-$AK$1+AO5+AP5 -> #REF! | AL5: =COUNTIF(E5:AI5,"D")*24+COUNTIF(E5:AI5,"12g")*12 -> 0 | AM5: =SUM(COUNTIF(E5:AI5,"k")+COUNTIF(E5:AI5,"s")+COUNTIF(E5:AI5,"wse"))*24+SUM(COUNTIF(E5:AI5,"Pk")+COUNTIF(E5:AI5,"Ps"))*12 -> 72 | AN5: =SUM(E5:AI5)+COUNTIF(E5:AI5,"uw")*8+COUNTIF(E5:AI5,"us")*8+COUNTIF(E5:AI5,"uz")*8+COUNTIF(E5:AI5,"zs")*8 -> 89 | AO5: =COUNTIF(E5:AI5,"DT")*8 -> 0 | AP5: 0 | AQ5: D | AR5: służba | AS5: 24
A6: SG214 | B6: M | C6: GĄSIEWSKI Dariusz | D6: =#REF! -> #REF! | E6: 16 | F6: s | G6: s | H6: s | I6: s | J6: s | K6: s | L6: 13 | M6: 6 | P6: 6 | S6: 2 | W6: 10 | AJ6: =_xlfn.CONCAT(#REF!,Tabela13[[#This Row],[FUNKCJONARIUSZ]]) -> #REF! | AK6: =D6+AL6+AM6+AN6-$AK$1+AO6+AP6 -> #REF! | AL6: =COUNTIF(E6:AI6,"D")*24+COUNTIF(E6:AI6,"12g")*12 -> 0 | AM6: =SUM(COUNTIF(E6:AI6,"k")+COUNTIF(E6:AI6,"s")+COUNTIF(E6:AI6,"wse"))*24+SUM(COUNTIF(E6:AI6,"Pk")+COUNTIF(E6:AI6,"Ps"))*12 -> 144 | AN6: =SUM(E6:AI6)+COUNTIF(E6:AI6,"uw")*8+COUNTIF(E6:AI6,"us")*8+COUNTIF(E6:AI6,"uz")*8+COUNTIF(E6:AI6,"zs")*8 -> 53 | AO6: =COUNTIF(E6:AI6,"DT")*8 -> 0 | AP6: 0 | AQ6: 12g | AR6: służba gazowiec | AS6: 12
A7: SG214 | B7: D | C7: GRZESIAK Sebastian | D7: =#REF! -> #REF! | E7: - | F7: - | G7: - | H7: - | I7: 4 | J7: - | K7: - | L7: - | M7: - | N7: sąd | O7: 2 | P7: 12 | Q7: wse | R7: 22 | Z7: 8 | AA7: 8 | AJ7: =_xlfn.CONCAT(#REF!,Tabela13[[#This Row],[FUNKCJONARIUSZ]]) -> #REF! | AK7: =D7+AL7+AM7+AN7-$AK$1+AO7+AP7 -> #REF! | AL7: =COUNTIF(E7:AI7,"D")*24+COUNTIF(E7:AI7,"12g")*12 -> 0 | AM7: =SUM(COUNTIF(E7:AI7,"k")+COUNTIF(E7:AI7,"s")+COUNTIF(E7:AI7,"wse"))*24+SUM(COUNTIF(E7:AI7,"Pk")+COUNTIF(E7:AI7,"Ps"))*12 -> 24 | AN7: =SUM(E7:AI7)+COUNTIF(E7:AI7,"uw")*8+COUNTIF(E7:AI7,"us")*8+COUNTIF(E7:AI7,"uz")*8+COUNTIF(E7:AI7,"zs")*8 -> 56 | AO7: =COUNTIF(E7:AI7,"DT")*8 -> 0 | AP7: 0 | AQ7: ps | AR7: 1/2 dyżuru | AS7: 12
A8: SG214 | B8: D | C8: JAKIMIAK Marcin | D8: =#REF! -> #REF! | E8: ps | F8: uz | G8: uz | H8: uz | I8: uz | J8: - | K8: - | L8: uz | M8: uz | N8: uz | O8: uz | P8: uz | Q8: - | AA8: v | AI8: RAT | AJ8: =_xlfn.CONCAT(#REF!,Tabela13[[#This Row],[FUNKCJONARIUSZ]]) -> #REF! | AK8: =D8+AL8+AM8+AN8-$AK$1+AO8+AP8 -> #REF! | AL8: =COUNTIF(E8:AI8,"D")*24+COUNTIF(E8:AI8,"12g")*12 -> 0 | AM8: =SUM(COUNTIF(E8:AI8,"k")+COUNTIF(E8:AI8,"s")+COUNTIF(E8:AI8,"wse"))*24+SUM(COUNTIF(E8:AI8,"Pk")+COUNTIF(E8:AI8,"Ps"))*12 -> 12 | AN8: =SUM(E8:AI8)+COUNTIF(E8:AI8,"uw")*8+COUNTIF(E8:AI8,"us")*8+COUNTIF(E8:AI8,"uz")*8+COUNTIF(E8:AI8,"zs")*8 -> 72 | AO8: =COUNTIF(E8:AI8,"DT")*8 -> 0 | AP8: 0 | AQ8: s | AR8: dyżur Ś-cie | AS8: 24
A9: SG214 | B9: D | C9: KALITA Mariusz | D9: =#REF! -> #REF! | E9: d | I9: 4 | J9: 16 | K9: WSE | L9: 22 | M9: 4.5 | O9: - | P9: - | Q9: - | R9: - | Z9: 17 | AA9: s | AB9: s | AC9: s | AD9: s | AE9: s | AF9: s | AG9: ps | AJ9: =_xlfn.CONCAT(#REF!,Tabela13[[#This Row],[FUNKCJONARIUSZ]]) -> #REF! | AK9: =D9+AL9+AM9+AN9-$AK$1+AO9+AP9 -> #REF! | AL9: =COUNTIF(E9:AI9,"D")*24+COUNTIF(E9:AI9,"12g")*12 -> 24 | AM9: =SUM(COUNTIF(E9:AI9,"k")+COUNTIF(E9:AI9,"s")+COUNTIF(E9:AI9,"wse"))*24+SUM(COUNTIF(E9:AI9,"Pk")+COUNTIF(E9:AI9,"Ps"))*12 -> 180 | AN9: =SUM(E9:AI9)+COUNTIF(E9:AI9,"uw")*8+COUNTIF(E9:AI9,"us")*8+COUNTIF(E9:AI9,"uz")*8+COUNTIF(E9:AI9,"zs")*8 -> 63.5 | AO9: =COUNTIF(E9:AI9,"DT")*8 -> 0 | AP9: 0 | AQ9: us | AR9: urlop staż | AS9: 8
A10: SG212 | B10: M | C10: ŁUKACZ Sławomir | D10: =#REF! -> #REF! | E10: l4 | M10: 8 | N10: 8 | O10: 8 | S10: 8 | T10: 8 | Z10: 8 | AA10: 8 | AI10: RAT | AJ10: =_xlfn.CONCAT(#REF!,Tabela13[[#This Row],[FUNKCJONARIUSZ]]) -> #REF! | AK10: =D10+AL10+AM10+AN10-$AK$1+AO10+AP10 -> #REF! | AL10: =COUNTIF(E10:AI10,"D")*24+COUNTIF(E10:AI10,"12g")*12 -> 0 | AM10: =SUM(COUNTIF(E10:AI10,"k")+COUNTIF(E10:AI10,"s")+COUNTIF(E10:AI10,"wse"))*24+SUM(COUNTIF(E10:AI10,"Pk")+COUNTIF(E10:AI10,"Ps"))*12 -> 0 | AN10: =SUM(E10:AI10)+COUNTIF(E10:AI10,"uw")*8+COUNTIF(E10:AI10,"us")*8+COUNTIF(E10:AI10,"uz")*8+COUNTIF(E10:AI10,"zs")*8 -> 56 | AO10: =COUNTIF(E10:AI10,"DT")*8 -> 0 | AP10: 11 | AQ10: uw | AR10: urlop wypoczynkowy | AS10: 8
A11: SG212 | B11: M | C11: MIZGIER Bartosz | D11: =#REF! -> #REF! | E11: ps | L11: 16.5 | M11: s | N11: s | O11: s | P11: s | Q11: s | R11: s | S11: 11 | AJ11: =_xlfn.CONCAT(#REF!,Tabela13[[#This Row],[FUNKCJONARIUSZ]]) -> #REF! | AK11: =D11+AL11+AM11+AN11-$AK$1+AO11+AP11 -> #REF! | AL11: =COUNTIF(E11:AI11,"D")*24+COUNTIF(E11:AI11,"12g")*12 -> 0 | AM11: =SUM(COUNTIF(E11:AI11,"k")+COUNTIF(E11:AI11,"s")+COUNTIF(E11:AI11,"wse"))*24+SUM(COUNTIF(E11:AI11,"Pk")+COUNTIF(E11:AI11,"Ps"))*12 -> 156 | AN11: =SUM(E11:AI11)+COUNTIF(E11:AI11,"uw")*8+COUNTIF(E11:AI11,"us")*8+COUNTIF(E11:AI11,"uz")*8+COUNTIF(E11:AI11,"zs")*8 -> 27.5 | AO11: =COUNTIF(E11:AI11,"DT")*8 -> 0 | AP11: 0 | AQ11: uz | AR11: urlop zaległy | AS11: 8
A12: SG070 | B12: MP | C12: MŁYŃSKI Błażej | D12: =#REF! -> #REF! | F12: d | I12: d | L12: D | W12: d | Z12: 17 | AA12: s | AB12: s | AC12: s | AD12: s | AE12: s | AF12: s | AG12: 15 | AJ12: =_xlfn.CONCAT(#REF!,Tabela13[[#This Row],[FUNKCJONARIUSZ]]) -> #REF! | AK12: =D12+AL12+AM12+AN12-$AK$1+AO12+AP12 -> #REF! | AL12: =COUNTIF(E12:AI12,"D")*24+COUNTIF(E12:AI12,"12g")*12 -> 96 | AM12: =SUM(COUNTIF(E12:AI12,"k")+COUNTIF(E12:AI12,"s")+COUNTIF(E12:AI12,"wse"))*24+SUM(COUNTIF(E12:AI12,"Pk")+COUNTIF(E12:AI12,"Ps"))*12 -> 144 | AN12: =SUM(E12:AI12)+COUNTIF(E12:AI12,"uw")*8+COUNTIF(E12:AI12,"us")*8+COUNTIF(E12:AI12,"uz")*8+COUNTIF(E12:AI12,"zs")*8 -> 32 | AO12: =COUNTIF(E12:AI12,"DT")*8 -> 0 | AP12: 0 | AQ12: pk | AR12: 1/2 dyżuru | AS12: 12
A13: SG212 | B13: ZD | C13: MOSKALONEK Hubert | D13: =#REF! -> #REF! | E13: ? | F13: ? | G13: ? | H13: ? | L13: 17 | M13: s | N13: s | O13: s | P13: s | Q13: s | R13: s | S13: 11 | W13: l4 | AA13: l4 | AB13: l4 | AH13: - | AI13: RAT | AJ13: =_xlfn.CONCAT(#REF!,Tabela13[[#This Row],[FUNKCJONARIUSZ]]) -> #REF! | AK13: =D13+AL13+AM13+AN13-$AK$1+AO13+AP13 -> #REF! | AL13: =COUNTIF(E13:AI13,"D")*24+COUNTIF(E13:AI13,"12g")*12 -> 0 | AM13: =SUM(COUNTIF(E13:AI13,"k")+COUNTIF(E13:AI13,"s")+COUNTIF(E13:AI13,"wse"))*24+SUM(COUNTIF(E13:AI13,"Pk")+COUNTIF(E13:AI13,"Ps"))*12 -> 144 | AN13: =SUM(E13:AI13)+COUNTIF(E13:AI13,"uw")*8+COUNTIF(E13:AI13,"us")*8+COUNTIF(E13:AI13,"uz")*8+COUNTIF(E13:AI13,"zs")*8 -> 28 | AO13: =COUNTIF(E13:AI13,"DT")*8 -> 0 | AP13: =8+16+8 -> 32 | AQ13: k | AR13: dyżur K-g | AS13: 24
A14: SG070 | B14: D | C14: NOWICKI Radosław | D14: =#REF! -> #REF! | E14: - | F14: 8 | G14: s | H14: s | I14: s | J14: s | K14: s | L14: 13.5 | AI14: d | AJ14: =_xlfn.CONCAT(#REF!,Tabela13[[#This Row],[FUNKCJONARIUSZ]]) -> #REF! | AK14: =D14+AL14+AM14+AN14-$AK$1+AO14+AP14 -> #REF! | AL14: =COUNTIF(E14:AI14,"D")*24+COUNTIF(E14:AI14,"12g")*12 -> 24 | AM14: =SUM(COUNTIF(E14:AI14,"k")+COUNTIF(E14:AI14,"s")+COUNTIF(E14:AI14,"wse"))*24+SUM(COUNTIF(E14:AI14,"Pk")+COUNTIF(E14:AI14,"Ps"))*12 -> 120 | AN14: =SUM(E14:AI14)+COUNTIF(E14:AI14,"uw")*8+COUNTIF(E14:AI14,"us")*8+COUNTIF(E14:AI14,"uz")*8+COUNTIF(E14:AI14,"zs")*8 -> 21.5 | AO14: =COUNTIF(E14:AI14,"DT")*8 -> 0 | AP14: 0 | AQ14: wse | AR14: WSE | AS14: 24
A15: SG212 | B15: ZD | C15: PALUCH Łukasz | D15: -79 | E15: - | H15: d | L15: - | N15: d | Q15: d | T15: d | V15: - | Z15: d | AD15: d | AG15: uw | AH15: uw | AI15: uw | AJ15: =_xlfn.CONCAT(#REF!,Tabela13[[#This Row],[FUNKCJONARIUSZ]]) -> #REF! | AK15: =D15+AL15+AM15+AN15-$AK$1+AO15+AP15 -> -95 | AL15: =COUNTIF(E15:AI15,"D")*24+COUNTIF(E15:AI15,"12g")*12 -> 144 | AM15: =SUM(COUNTIF(E15:AI15,"k")+COUNTIF(E15:AI15,"s")+COUNTIF(E15:AI15,"wse"))*24+SUM(COUNTIF(E15:AI15,"Pk")+COUNTIF(E15:AI15,"Ps"))*12 -> 0 | AN15: =SUM(E15:AI15)+COUNTIF(E15:AI15,"uw")*8+COUNTIF(E15:AI15,"us")*8+COUNTIF(E15:AI15,"uz")*8+COUNTIF(E15:AI15,"zs")*8 -> 24 | AO15: =COUNTIF(E15:AI15,"DT")*8 -> 0 | AQ15: l4 | AR15: Zwolnienia lekarskie | AS15: ?
A16: SG070 | B16: MP | C16: PRYCA Adam | D16: =#REF! -> #REF! | E16: - | F16: - | G16: - | H16: - | I16: 17 | J16: s | K16: s | L16: 14 | AJ16: =_xlfn.CONCAT(#REF!,Tabela13[[#This Row],[FUNKCJONARIUSZ]]) -> #REF! | AK16: =D16+AL16+AM16+AN16-$AK$1+AO16+AP16 -> #REF! | AL16: =COUNTIF(E16:AI16,"D")*24+COUNTIF(E16:AI16,"12g")*12 -> 0 | AM16: =SUM(COUNTIF(E16:AI16,"k")+COUNTIF(E16:AI16,"s")+COUNTIF(E16:AI16,"wse"))*24+SUM(COUNTIF(E16:AI16,"Pk")+COUNTIF(E16:AI16,"Ps"))*12 -> 48 | AN16: =SUM(E16:AI16)+COUNTIF(E16:AI16,"uw")*8+COUNTIF(E16:AI16,"us")*8+COUNTIF(E16:AI16,"uz")*8+COUNTIF(E16:AI16,"zs")*8 -> 31 | AO16: =COUNTIF(E16:AI16,"DT")*8 -> 0 | AP16: 0
A17: SG212 | B17: MP | C17: ROZMYTAŃSKA - PEŁECH Olga | D17: =#REF! -> #REF! | E17: uz | L17: - | M17: - | S17: 17 | T17: s | U17: s | V17: s | W17: s | X17: s | Y17: s | Z17: 13 | AA17: 6 | AJ17: =_xlfn.CONCAT(#REF!,Tabela13[[#This Row],[FUNKCJONARIUSZ]]) -> #REF! | AK17: =D17+AL17+AM17+AN17-$AK$1+AO17+AP17 -> #REF! | AL17: =COUNTIF(E17:AI17,"D")*24+COUNTIF(E17:AI17,"12g")*12 -> 0 | AM17: =SUM(COUNTIF(E17:AI17,"k")+COUNTIF(E17:AI17,"s")+COUNTIF(E17:AI17,"wse"))*24+SUM(COUNTIF(E17:AI17,"Pk")+COUNTIF(E17:AI17,"Ps"))*12 -> 144 | AN17: =SUM(E17:AI17)+COUNTIF(E17:AI17,"uw")*8+COUNTIF(E17:AI17,"us")*8+COUNTIF(E17:AI17,"uz")*8+COUNTIF(E17:AI17,"zs")*8 -> 44 | AO17: =COUNTIF(E17:AI17,"DT")*8 -> 0 | AP17: 0
A18: SG007 | B18: MP | C18: SAJDAK Patryk | D18: =#REF! -> #REF! | E18: - | F18: - | G18: - | H18: - | I18: - | J18: - | K18: - | L18: uw | M18: uw | N18: uw | O18: uw | P18: uw | R18: d | U18: d | AA18: d | AJ18: =_xlfn.CONCAT(#REF!,Tabela13[[#This Row],[FUNKCJONARIUSZ]]) -> #REF! | AK18: =D18+AL18+AM18+AN18-$AK$1+AO18+AP18 -> #REF! | AL18: =COUNTIF(E18:AI18,"D")*24+COUNTIF(E18:AI18,"12g")*12 -> 72 | AM18: =SUM(COUNTIF(E18:AI18,"k")+COUNTIF(E18:AI18,"s")+COUNTIF(E18:AI18,"wse"))*24+SUM(COUNTIF(E18:AI18,"Pk")+COUNTIF(E18:AI18,"Ps"))*12 -> 0 | AN18: =SUM(E18:AI18)+COUNTIF(E18:AI18,"uw")*8+COUNTIF(E18:AI18,"us")*8+COUNTIF(E18:AI18,"uz")*8+COUNTIF(E18:AI18,"zs")*8 -> 40 | AO18: =COUNTIF(E18:AI18,"DT")*8 -> 0 | AP18: 0
A19: SG214 | B19: M | C19: SPRUTTA Radosław | D19: =#REF! -> #REF! | F19: 2 | I19: 2 | M19: 6 | N19: 8 | S19: 2 | V19: 1 | W19: 10 | Z19: 8 | AA19: 8 | AH19: 16 | AI19: s | AJ19: =_xlfn.CONCAT(#REF!,Tabela13[[#This Row],[FUNKCJONARIUSZ]]) -> #REF! | AK19: =D19+AL19+AM19+AN19-$AK$1+AO19+AP19 -> #REF! | AL19: =COUNTIF(E19:AI19,"D")*24+COUNTIF(E19:AI19,"12g")*12 -> 0 | AM19: =SUM(COUNTIF(E19:AI19,"k")+COUNTIF(E19:AI19,"s")+COUNTIF(E19:AI19,"wse"))*24+SUM(COUNTIF(E19:AI19,"Pk")+COUNTIF(E19:AI19,"Ps"))*12 -> 24 | AN19: =SUM(E19:AI19)+COUNTIF(E19:AI19,"uw")*8+COUNTIF(E19:AI19,"us")*8+COUNTIF(E19:AI19,"uz")*8+COUNTIF(E19:AI19,"zs")*8 -> 63 | AO19: =COUNTIF(E19:AI19,"DT")*8 -> 0 | AP19: 0
A20: SG070 | B20: D | C20: STRANC Andrzej | D20: =#REF! -> #REF! | AG20: 17 | AH20: s | AI20: s | AJ20: =_xlfn.CONCAT(#REF!,Tabela13[[#This Row],[FUNKCJONARIUSZ]]) -> #REF! | AK20: =D20+AL20+AM20+AN20-$AK$1+AO20+AP20 -> #REF! | AL20: =COUNTIF(E20:AI20,"D")*24+COUNTIF(E20:AI20,"12g")*12 -> 0 | AM20: =SUM(COUNTIF(E20:AI20,"k")+COUNTIF(E20:AI20,"s")+COUNTIF(E20:AI20,"wse"))*24+SUM(COUNTIF(E20:AI20,"Pk")+COUNTIF(E20:AI20,"Ps"))*12 -> 48 | AN20: =SUM(E20:AI20)+COUNTIF(E20:AI20,"uw")*8+COUNTIF(E20:AI20,"us")*8+COUNTIF(E20:AI20,"uz")*8+COUNTIF(E20:AI20,"zs")*8 -> 17 | AO20: =COUNTIF(E20:AI20,"DT")*8 -> 0 | AP20: 0
A21: SG212 | B21: D | C21: SZCZEPANIAK Zbigniew | D21: =#REF! -> #REF! | E21: 17 | F21: s | G21: s | H21: s | I21: s | J21: s | K21: s | L21: ps | T21: 8 | X21: d | AI21: RAT | AJ21: =_xlfn.CONCAT(#REF!,Tabela13[[#This Row],[FUNKCJONARIUSZ]]) -> #REF! | AK21: =D21+AL21+AM21+AN21-$AK$1+AO21+AP21 -> #REF! | AL21: =COUNTIF(E21:AI21,"D")*24+COUNTIF(E21:AI21,"12g")*12 -> 24 | AM21: =SUM(COUNTIF(E21:AI21,"k")+COUNTIF(E21:AI21,"s")+COUNTIF(E21:AI21,"wse"))*24+SUM(COUNTIF(E21:AI21,"Pk")+COUNTIF(E21:AI21,"Ps"))*12 -> 156 | AN21: =SUM(E21:AI21)+COUNTIF(E21:AI21,"uw")*8+COUNTIF(E21:AI21,"us")*8+COUNTIF(E21:AI21,"uz")*8+COUNTIF(E21:AI21,"zs")*8 -> 25 | AO21: =COUNTIF(E21:AI21,"DT")*8 -> 0 | AP21: 0
A22: SG068 | B22: D | C22: SZNAJDER Wiktor | D22: =#REF! -> #REF! | E22: ? | F22: ? | G22: ? | H22: ? | J22: d | P22: d | S22: uw | T22: uw | U22: uw | V22: uw | W22: uw | Z22: uw | AA22: uw | AB22: uw | AC22: uw | AD22: uw | AF22: D | AI22: RAT | AJ22: =_xlfn.CONCAT(#REF!,Tabela13[[#This Row],[FUNKCJONARIUSZ]]) -> #REF! | AK22: =D22+AL22+AM22+AN22-$AK$1+AO22+AP22 -> #REF! | AL22: =COUNTIF(E22:AI22,"D")*24+COUNTIF(E22:AI22,"12g")*12 -> 72 | AM22: =SUM(COUNTIF(E22:AI22,"k")+COUNTIF(E22:AI22,"s")+COUNTIF(E22:AI22,"wse"))*24+SUM(COUNTIF(E22:AI22,"Pk")+COUNTIF(E22:AI22,"Ps"))*12 -> 0 | AN22: =SUM(E22:AI22)+COUNTIF(E22:AI22,"uw")*8+COUNTIF(E22:AI22,"us")*8+COUNTIF(E22:AI22,"uz")*8+COUNTIF(E22:AI22,"zs")*8 -> 80 | AO22: =COUNTIF(E22:AI22,"DT")*8 -> 0 | AP22: 0
A23: SG214 | B23: ZD | C23: SZYMAŃSKI Tomasz Paweł | D23: =#REF! -> #REF! | E23: ? | F23: - | G23: ? | H23: ? | I23: - | J23: - | K23: - | L23: - | M23: - | N23: - | O23: - | P23: - | Q23: - | R23: - | S23: 17 | T23: s | U23: s | V23: s | W23: s | X23: s | Y23: s | Z23: ps | AA23: 3 | AI23: rat | AJ23: =_xlfn.CONCAT(#REF!,Tabela13[[#This Row],[FUNKCJONARIUSZ]]) -> #REF! | AK23: =D23+AL23+AM23+AN23-$AK$1+AO23+AP23 -> #REF! | AL23: =COUNTIF(E23:AI23,"D")*24+COUNTIF(E23:AI23,"12g")*12 -> 0 | AM23: =SUM(COUNTIF(E23:AI23,"k")+COUNTIF(E23:AI23,"s")+COUNTIF(E23:AI23,"wse"))*24+SUM(COUNTIF(E23:AI23,"Pk")+COUNTIF(E23:AI23,"Ps"))*12 -> 156 | AN23: =SUM(E23:AI23)+COUNTIF(E23:AI23,"uw")*8+COUNTIF(E23:AI23,"us")*8+COUNTIF(E23:AI23,"uz")*8+COUNTIF(E23:AI23,"zs")*8 -> 20 | AO23: =COUNTIF(E23:AI23,"DT")*8 -> 0 | AP23: 0
A24: SG212 | B24: D | C24: ŚWIREPO Piotr | D24: =#REF! -> #REF! | L24: 16.5 | M24: s | N24: s | O24: s | P24: ps | AG24: 17 | AH24: s | AI24: s | AJ24: =_xlfn.CONCAT(#REF!,Tabela13[[#This Row],[FUNKCJONARIUSZ]]) -> #REF! | AK24: =D24+AL24+AM24+AN24-$AK$1+AO24+AP24 -> #REF! | AL24: =COUNTIF(E24:AI24,"D")*24+COUNTIF(E24:AI24,"12g")*12 -> 0 | AM24: =SUM(COUNTIF(E24:AI24,"k")+COUNTIF(E24:AI24,"s")+COUNTIF(E24:AI24,"wse"))*24+SUM(COUNTIF(E24:AI24,"Pk")+COUNTIF(E24:AI24,"Ps"))*12 -> 132 | AN24: =SUM(E24:AI24)+COUNTIF(E24:AI24,"uw")*8+COUNTIF(E24:AI24,"us")*8+COUNTIF(E24:AI24,"uz")*8+COUNTIF(E24:AI24,"zs")*8 -> 33.5 | AO24: =COUNTIF(E24:AI24,"DT")*8 -> 0 | AP24: 0
